{"type":"FeatureCollection","properties":{"country":"Lebanon","official_area_km2":10452,"computed_total_km2":10241.85,"delta_km2":-210.15,"source":"geoBoundaries gbOpen LBN ADM2","source_file":"tmp/geoBoundaries-LBN-ADM2.geojson","method":"turf.union dissolve of ADM2 polygons into 6 regions"},"features":[{"type":"Feature","properties":{"region_id":"beirut","name_ar":"بيروت","name_en":"Beirut","area_km2":19.49,"source_districts":["Beirut"],"label_lng":35.51162248835825,"label_lat":33.895222585209005,"page":"beirut.html"},"geometry":{"type":"Polygon","coordinates":[[[35.53077061700003,33.88057816500003],[35.53492508000005,33.88574470900005],[35.53636390100007,33.88947724900004],[35.537622870000064,33.89291104100005],[35.53978110200006,33.89574754800003],[35.54050051200005,33.898882524000044],[35.54068036500007,33.901420278000046],[35.544277418000036,33.905898483000044],[35.53996095400004,33.905450673000075],[35.538701986000035,33.905898483000044],[35.53798257500006,33.906794096000056],[35.53636390100007,33.90918235000004],[35.53492508000005,33.90948087800007],[35.53186758500004,33.90948087800007],[35.53042876400008,33.908585293000044],[35.52934964900004,33.90619702200007],[35.52791082700003,33.90559994300003],[35.526651859000026,33.905450673000075],[35.52467348000005,33.906644828000026],[35.523414511000055,33.90709263100007],[35.52269510100007,33.90604775300005],[35.52215554300005,33.903659410000046],[35.521256280000046,33.90261448900003],[35.52053686900007,33.903360863000046],[35.51873834300005,33.904405774000054],[35.518018932000075,33.90261448900003],[35.51388232100004,33.901420278000046],[35.51064497400006,33.900823167000055],[35.50704792100004,33.900972445000036],[35.504709837000064,33.90186810900008],[35.50309116300008,33.902465214000074],[35.50291131000006,33.903659410000046],[35.50381057300007,33.90380868300008],[35.51046512100004,33.904405774000054],[35.51172409000003,33.90470431800003],[35.51154423700007,33.905749213000036],[35.51064497400006,33.90709263100007],[35.50866659500008,33.907540433000065],[35.50668821600004,33.907391166000025],[35.504709837000064,33.90694336400003],[35.50111278400004,33.905749213000036],[35.49319926800007,33.90485359000007],[35.48870295200004,33.90425650200007],[35.48438648800004,33.90410722900003],[35.47971032000004,33.90410722900003],[35.47449459300003,33.90321158800003],[35.47359533000008,33.90052460900006],[35.47359533000008,33.89619540900003],[35.47431474000007,33.89425466100005],[35.47557370900006,33.88723774500005],[35.47971032000004,33.885296793000066],[35.481688699000074,33.88320648900003],[35.482767815000045,33.88007093600004],[35.48384693000003,33.87603934200007],[35.48436400700007,33.87112091200004],[35.48829828300006,33.87158756800005],[35.494480718000034,33.87182089500004],[35.50066315200007,33.87205422200003],[35.504878449000046,33.86995426000004],[35.50712660700003,33.86715423000004],[35.51190394200006,33.865520837000076],[35.51415210000005,33.866920890000074],[35.516119239000034,33.870654253000055],[35.518648416000076,33.87345416800002],[35.52005351500003,33.87485409100003],[35.52342575200004,33.87788717900003],[35.526797989000045,33.879753641000036],[35.53077061700003,33.88057816500003]]]}},{"type":"Feature","properties":{"region_id":"mountain","name_ar":"الجبل","name_en":"Mount Lebanon","area_km2":1964.46,"source_districts":["Chouf","Aley","Baabda","El Metn","Kesrouan","Jbail"],"label_lng":35.68947894705731,"label_lat":33.87868494213808,"page":"mountain.html"},"geometry":{"type":"Polygon","coordinates":[[[35.392518359000064,33.60526319500008],[35.393346457000064,33.59974542800006],[35.39275593800005,33.59096217900003],[35.39464950000007,33.590849511000044],[35.399647050000056,33.588767982000036],[35.406143866000036,33.586270081000066],[35.41289055800007,33.58377210800006],[35.41788810800006,33.58210675200007],[35.42363529100004,33.58210675200007],[35.43013210600003,33.580649540000024],[35.43512965700006,33.57773504100004],[35.441228187000036,33.57247645600006],[35.44278590400006,33.574845426000024],[35.44678394400006,33.57671077900005],[35.45174151300006,33.57524514800008],[35.45446018100006,33.57258030100007],[35.458298299000035,33.57004861900003],[35.46389555600007,33.56884937600006],[35.470132498000055,33.56884937600006],[35.47540991100004,33.569515624000076],[35.48036748100003,33.57018186700003],[35.48116708900005,33.57311327700006],[35.48708418800004,33.574312461000034],[35.49335111600004,33.575653196000076],[35.50234670700007,33.576485940000055],[35.510092910000026,33.57773504100004],[35.515340337000055,33.58044136500007],[35.518588745000045,33.582731264000074],[35.527084580000064,33.58335577200006],[35.533581395000056,33.58335577200006],[35.540078211000036,33.58418844200003],[35.54582539300003,33.58585375700005],[35.551822454000046,33.592722844000036],[35.55731975900005,33.593555423000055],[35.56456620700004,33.59813446600003],[35.567564737000055,33.59896699300003],[35.574061552000046,33.59646938800006],[35.57631045000005,33.59334727900006],[35.579308980000064,33.59126581000004],[35.58280726500004,33.58939244600003],[35.58830457000005,33.590433209000025],[35.593052243000045,33.592722844000036],[35.596300650000046,33.59397171000006],[35.603547098000035,33.58980875300006],[35.60504636300004,33.58460477400007],[35.60629575100006,33.57940048100005],[35.60654562800005,33.573571300000026],[35.603547098000035,33.567741726000065],[35.60104832300004,33.56336928700006],[35.600798446000056,33.56003775700003],[35.60104832300004,33.55274958500007],[35.604296731000034,33.55108363100004],[35.60979403600004,33.547959881000054],[35.614791586000024,33.54441949400007],[35.61779011600004,33.537546564000024],[35.618539749000035,33.52713199200008],[35.62003901400004,33.52567385200007],[35.61878962600008,33.52067432700005],[35.618539749000035,33.517132823000054],[35.618539749000035,33.512466148000044],[35.61694053300005,33.51019938700006],[35.616140925000025,33.508465941000054],[35.619819122000024,33.50739918800008],[35.62141833800007,33.50579903400006],[35.62141833800007,33.50246528400004],[35.62269771100006,33.496464211000045],[35.625896143000034,33.49566403600005],[35.62663179700007,33.49361907100007],[35.63209560400003,33.49818591500008],[35.63448505700006,33.502522584000076],[35.63575006200006,33.506155842000055],[35.63560950600004,33.50873419000004],[35.634625613000026,33.51224999600004],[35.634906726000054,33.51740625300005],[35.63645284300003,33.525022888000024],[35.63757729200006,33.52994405000004],[35.63954507700004,33.534044804000075],[35.643058979000045,33.53755958100004],[35.646564097000066,33.54734162500006],[35.648101430000054,33.55246650600003],[35.65337228300007,33.55905519100003],[35.656227329000046,33.56637536300008],[35.65644694800005,33.571316128000035],[35.65842351800006,33.58686854300004],[35.660400088000074,33.59144224900007],[35.66303551500005,33.59363754200007],[35.664572847000045,33.59784503100008],[35.66676903600006,33.60333275100004],[35.66896522500008,33.60772267500005],[35.672039890000065,33.61412424800005],[35.67379684100007,33.61924516400006],[35.67511455500005,33.629486083000074],[35.67928731400008,33.63643458400003],[35.68741321400006,33.64374819100004],[35.69004864000004,33.647404761000075],[35.69290368600008,33.65362057400006],[35.696470297000076,33.66060368800004],[35.69885975100004,33.66387934000005],[35.70012475600004,33.66668694300006],[35.70153031700005,33.66902654300003],[35.703216990000044,33.66762279100004],[35.70560644400007,33.661773578000066],[35.70630922400005,33.66025271700005],[35.707574229000045,33.65814686600004],[35.70897979000006,33.657210916000054],[35.712634249000075,33.65978475500003],[35.71080701900007,33.66212454200007],[35.70883923400004,33.664581250000026],[35.70729311700006,33.66727184900003],[35.70532533100004,33.67089817600004],[35.70462255100006,33.675226173000055],[35.70462255100006,33.678033405000065],[35.70546588700006,33.680255733000024],[35.70940145800006,33.68224408200007],[35.712493692000066,33.68399847000006],[35.71685093200006,33.68633759800008],[35.72078650200007,33.68820885500003],[35.724159849000046,33.69066481800007],[35.727111527000034,33.693822381000075],[35.72879820000003,33.695108762000075],[35.731468766000035,33.694173214000045],[35.73526378100007,33.69312071000007],[35.740464356000075,33.695576533000065],[35.74281163100005,33.69872372900005],[35.74455157800003,33.70119309000006],[35.74813382200006,33.70417326000006],[35.74997611900005,33.703406940000036],[35.752944264000064,33.70119309000006],[35.756526508000036,33.70076734300005],[35.75898290300006,33.701789132000044],[35.76031345100006,33.704002967000065],[35.761336949000054,33.706046456000024],[35.76164399900006,33.70919674000004],[35.759904052000024,33.71166580100004],[35.75642415800007,33.712517185000024],[35.75181841500006,33.71243204700005],[35.751613716000065,33.71175094000006],[35.75007846800003,33.70800475400006],[35.748543221000034,33.71064412900006],[35.747417373000076,33.71217663200002],[35.74557507600008,33.71413479000006],[35.74485862700004,33.71668884300004],[35.742299881000065,33.720434649000026],[35.73976032600007,33.72314812800005],[35.741359542000055,33.72780340700007],[35.744717896000054,33.72806941600004],[35.74855601500008,33.72660636000006],[35.74999530900004,33.724877261000074],[35.751114760000064,33.723547162000045],[35.752873898000075,33.72261608000008],[35.75575248700005,33.72248306800003],[35.75879099700006,33.723547162000045],[35.76134974300004,33.72527628700004],[35.76406841000005,33.72873443300006],[35.76454817500007,33.73086245300004],[35.77014543200005,33.736448256000074],[35.77197791900005,33.73812452800007],[35.77494308000007,33.74083684500005],[35.779420885000036,33.74216667700006],[35.78469829800008,33.74469329900006],[35.787736808000034,33.74775174300004],[35.791894770000056,33.752006788000074],[35.794133672000044,33.75307051600004],[35.79995941200008,33.758777277000036],[35.80234433500004,33.76351380800003],[35.803934285000025,33.76791964800003],[35.805391738000026,33.77177457300007],[35.80565673000007,33.77364690200005],[35.80658420000003,33.77992441400005],[35.810559073000036,33.783558552000045],[35.81373897200007,33.78664194300006],[35.81466644200003,33.78873418000006],[35.81400396300006,33.79181738400007],[35.811354048000055,33.79335894500008],[35.805391738000026,33.79247805600005],[35.80088688200004,33.79247805600005],[35.796647017000055,33.793799386000046],[35.794659581000076,33.79556112600005],[35.783397440000044,33.79457015100007],[35.78021754200006,33.797432935000074],[35.77372524900005,33.80271782300008],[35.76971725200008,33.80865605100007],[35.77033832600006,33.81072022800004],[35.771994523000046,33.812784356000066],[35.77696311500006,33.814160413000025],[35.78131063200004,33.81398840800006],[35.78503707600004,33.81312837200005],[35.78876351900004,33.81192430900006],[35.792075913000076,33.81192430900006],[35.793318061000036,33.81450442400006],[35.793525086000045,33.819148436000035],[35.79518128300003,33.82276027100005],[35.79683748000008,33.82482410800003],[35.802427145000024,33.82809174800008],[35.80325524400007,33.828435703000025],[35.80222012100006,33.83325092500007],[35.800770948000036,33.83634628300007],[35.800149874000056,33.839269572000035],[35.800977973000045,33.843396400000074],[35.80304821900006,33.84614750700007],[35.806981687000075,33.84786690400006],[35.81174325400008,33.85027400200005],[35.814434574000074,33.85216524600003],[35.81691887000005,33.85491607100005],[35.82043828900004,33.85904214200008],[35.823129609000034,33.86127701400005],[35.82561390500007,33.862824199000045],[35.82712104400008,33.86743120600005],[35.82910848100005,33.87227173400004],[35.83308335400005,33.873921851000034],[35.83626325200004,33.87689198100003],[35.84010563000004,33.88118198700005],[35.841427063000026,33.88175245000008],[35.84341802400007,33.88261194100005],[35.84739289700008,33.883491900000024],[35.849380334000045,33.88580175200008],[35.849380334000045,33.88877146800007],[35.848452863000034,33.89053125200007],[35.84885035100007,33.893280841000035],[35.851367770000024,33.89372076700005],[35.85918502100003,33.89581038400007],[35.86130495300006,33.89713011600003],[35.863159894000034,33.89888972700004],[35.86382237300006,33.90174901700004],[35.86302739800004,33.904058374000044],[35.86011249100005,33.905158046000054],[35.85812505400003,33.906477633000065],[35.85905252500004,33.90889682400007],[35.86090746600007,33.910986069000046],[35.86276240600006,33.91263543700006],[35.86382237300006,33.91439472800005],[35.866074801000025,33.91703359700006],[35.86673727900006,33.91879279700004],[35.868327229000045,33.920112173000064],[35.87402454700003,33.91890274600007],[35.875746992000074,33.917253499000026],[35.877071949000026,33.916593791000025],[35.88343174600004,33.91846294900006],[35.88568417400006,33.92066190700007],[35.893368929000076,33.920881800000075],[35.89880125600007,33.92231108800007],[35.90078869200005,33.923630410000044],[35.90242004600003,33.928124196000056],[35.90531839100004,33.93173142200004],[35.90800971200008,33.93585377900007],[35.90874908600006,33.93607028400004],[35.90468772200006,33.937627287000055],[35.90111944500006,33.93829576300004],[35.89559437200006,33.93982368800005],[35.89156567300006,33.941447079000056],[35.889148454000065,33.94307043900005],[35.886846340000034,33.94612609100005],[35.885349966000035,33.94879969700003],[35.883278063000034,33.95109129300005],[35.88049906500004,33.951969467000026],[35.88425511300005,33.955077939000034],[35.897744061000026,33.96486753700003],[35.90308343600003,33.968596611000066],[35.90589363400005,33.97418991600006],[35.90645567300004,33.979782853000074],[35.90589363400005,33.987006518000044],[35.90757975200006,33.99213261800003],[35.91095198900007,33.99702542500006],[35.913200147000055,34.00052011400004],[35.91910156200004,34.006810193000035],[35.92415991800004,34.01030448000006],[35.92837521400003,34.01216804100005],[35.93287153000006,34.01356568500006],[35.94298824100008,34.01519624000008],[35.94467435900003,34.01682676400003],[35.94888965600006,34.023814370000025],[35.957578786000056,34.03357742000003],[35.96423333400003,34.04266871600004],[35.96423333400003,34.04313545400004],[35.96989040600005,34.04440150500005],[35.972727974000065,34.047476122000035],[35.974474170000065,34.05018892700008],[35.97709346400006,34.05850765500003],[35.97905793500007,34.06501739300006],[35.98189550300003,34.072973062000074],[35.98495134600006,34.08128955300003],[35.98669754200006,34.08544749200007],[35.98953511000008,34.08870138900005],[35.993464051000046,34.09050905500004],[35.998484365000024,34.09087058400007],[36.00372295200003,34.09303972300006],[36.00525087400007,34.09484729700006],[36.00590569700006,34.099185317000035],[36.00634224600003,34.108945048000066],[36.008454173000075,34.11554327400006],[36.009944260000054,34.11862735700004],[36.012676087000045,34.12150573200006],[36.01664965300006,34.12602869500006],[36.01689800100007,34.13014027000003],[36.01689800100007,34.13507389600005],[36.01683758000007,34.13533395600007],[36.01565626100006,34.14041833300007],[36.01441452200004,34.145351359000074],[36.01168269600004,34.14925646700004],[36.005722347000074,34.15131171400003],[36.000258694000024,34.15233931900008],[35.99703017100006,34.15316139400005],[35.99206321400004,34.15439449100006],[35.98833799600004,34.155627571000025],[35.98436443000003,34.156655123000064],[35.97964582100008,34.15809367600008],[35.974678863000065,34.160148708000065],[35.971450341000036,34.161381704000064],[35.96524164400006,34.162614681000036],[35.96027468700004,34.163847641000075],[35.95555607700004,34.16569704600005],[35.94785729300003,34.16775189300006],[35.94338703200003,34.16549155800004],[35.938171726000064,34.16035420900005],[35.93320476900004,34.15809367600008],[35.93022459500003,34.15727164900005],[35.92361621300006,34.15664308200007],[35.911392841000065,34.15664308200007],[35.90746390100003,34.15519808200003],[35.90266186200006,34.15393368800005],[35.89655017600006,34.15339179800003],[35.88650954900004,34.15375305800006],[35.88170751000007,34.15483682900003],[35.87930649100008,34.157546194000076],[35.874941001000025,34.158991153000045],[35.872321707000026,34.161700385000074],[35.871012060000055,34.16513195400006],[35.869484139000065,34.16838278600005],[35.86882931500003,34.17217526400003],[35.86642829600004,34.17524524100003],[35.86140798200006,34.18012085700008],[35.85747904100003,34.182468275000076],[35.85464147300007,34.18391280800006],[35.850275983000074,34.18535731600008],[35.84460084600005,34.18680179900008],[35.83737229400003,34.19240615900003],[35.83460073100008,34.19114896600007],[35.83048809100006,34.19026152400005],[35.82414031900004,34.190335478000065],[35.82101113600004,34.19070524600005],[35.81967005700005,34.19196244600005],[35.81770314200003,34.19418098800003],[35.81359050200007,34.194920489000026],[35.81135537100005,34.193219627000076],[35.811802397000065,34.190557339000065],[35.81153418100007,34.18456688400005],[35.80876261900005,34.18404917000004],[35.80330890000005,34.183901251000066],[35.79830220700006,34.184197089000065],[35.79427897100004,34.18582417500005],[35.79302729800003,34.18870847900007],[35.79132859900005,34.19122291900004],[35.78909346800003,34.193663334000064],[35.785427853000044,34.19506838900003],[35.78059997100007,34.19536418700005],[35.773715768000045,34.19514233900003],[35.77005015300006,34.193293578000066],[35.76718918600005,34.19159268300007],[35.761394609000035,34.18836181300003],[35.75860069600003,34.18605067100003],[35.755387695000024,34.18593511200004],[35.74896169400006,34.18593511200004],[35.74518991100007,34.18524175600004],[35.74183721500003,34.184548394000046],[35.73345547400004,34.18501063600007],[35.729404299000066,34.18743736300007],[35.72647069000004,34.190557339000065],[35.722978298000044,34.19344610300004],[35.72018438500004,34.19448603300003],[35.71459655800004,34.195641497000054],[35.71040568700005,34.19633476700005],[35.70132546800005,34.19656585600006],[35.69573764100005,34.196912488000066],[35.69224525000004,34.197952376000046],[35.689171945000055,34.20003211300008],[35.687355901000046,34.20257394500004],[35.68470168300007,34.20627101800005],[35.683025335000025,34.20904371600005],[35.68176807400005,34.21170079900003],[35.67813598600003,34.21193184600003],[35.67324663800008,34.21089213000005],[35.66919546300005,34.21019898000003],[35.663887027000044,34.21008345400003],[35.65899767900004,34.209967928000026],[35.651174721000075,34.209852402000024],[35.64866019900006,34.208697133000044],[35.645586894000076,34.206848671000046],[35.64251358900003,34.204653568000026],[35.63971967500004,34.20222733600008],[35.63790363100003,34.20003211300008],[35.637344849000044,34.19806791800005],[35.63455093500005,34.19506376700008],[35.63418423400003,34.19149619800004],[35.63527560700004,34.18896847700006],[35.63549388100006,34.185899],[35.63462078300006,34.18264884300004],[35.63505733200003,34.179940283000064],[35.63440250900004,34.177592795000066],[35.63178321500004,34.17434231800007],[35.63003701900004,34.17073053000007],[35.63112839100006,34.167479789000026],[35.63374768500006,34.16422892300005],[35.63505733200003,34.16061670300007],[35.63440250900004,34.15682370500008],[35.63265631300004,34.15104357100006],[35.62829082300004,34.147250144000054],[35.62872737200007,34.143817848000026],[35.63156494000003,34.14183066600003],[35.63614870500004,34.13875947400004],[35.63985937100006,34.136772173000054],[35.643133488000046,34.13388146900007],[35.644661410000026,34.131352023000034],[35.645534508000026,34.126292902000046],[35.645752782000045,34.12087208000003],[35.64793552700007,34.11816153900003],[35.65033654700005,34.11436663500007],[35.65230101700007,34.11002939400004],[35.65317411500007,34.10623412500007],[35.65339239000008,34.10153498500006],[35.65361066400004,34.096835584000075],[35.65317411500007,34.093762758000025],[35.65142791900007,34.08942446000003],[35.65142791900007,34.08092798300004],[35.648372076000044,34.07640823300005],[35.64391578100003,34.07187349900005],[35.645174749000034,34.06904286300005],[35.64481504400004,34.06546718900006],[35.64481504400004,34.06189136300003],[35.64391578100003,34.05920939500004],[35.64229710700005,34.05742136900005],[35.639959023000074,34.05608032500004],[35.63798064400004,34.054739260000076],[35.63618211700003,34.051908052000044],[35.63366418000004,34.04892773100005],[35.63150594900003,34.04594730600007],[35.62952756900006,34.042966775000025],[35.62736933800005,34.04088034200004],[35.62503125300003,34.037005400000055],[35.62521110600005,34.03268314200005],[35.62682978000004,34.031341706000035],[35.625750664000066,34.02940404000003],[35.62485140100006,34.02940404000003],[35.62377228500003,34.02806255200005],[35.62287302200008,34.02523045400005],[35.62251331600004,34.02269639100007],[35.62269316900006,34.019416904000025],[35.62377228500003,34.01673359200004],[35.625750664000066,34.01598821300007],[35.62880815900007,34.01479559200004],[35.633484328000065,34.01479559200004],[35.637620938000055,34.01539190400007],[35.64139784400004,34.01345387400005],[35.64463519100008,34.01032311600005],[35.64409563300006,34.00510492900003],[35.64391578100003,34.00137745600006],[35.64283666500006,33.998544467000045],[35.640858286000025,33.99556227200003],[35.63923961200004,33.99287820700005],[35.63726123300006,33.988851950000026],[35.635642559000075,33.986316801000044],[35.631326096000066,33.984378107000055],[35.62862830600005,33.984079843000075],[35.62682978000004,33.984378107000055],[35.62323272700007,33.985123764000036],[35.61729759000008,33.98527289400005],[35.615858769000056,33.984825502000035],[35.614419948000034,33.98303590800003],[35.61352068400004,33.980649725000035],[35.61136245300003,33.97736861300007],[35.60848481000005,33.97528056700003],[35.60614672600008,33.97349077300004],[35.60416834700004,33.97214840200007],[35.60308923100007,33.96946359800006],[35.602549673000055,33.96588372600007],[35.60201011500004,33.963497061000055],[35.597154094000075,33.95842517600005],[35.592837631000066,33.953446230000054],[35.592837631000066,33.94761844200008],[35.59115151200007,33.94505408900005],[35.588622334000036,33.94085770800007],[35.58834131500004,33.93806000600006],[35.58749825500007,33.93269748700004],[35.58749825500007,33.92686827800003],[35.58721723600007,33.922671001000026],[35.58440703800005,33.91660790200007],[35.579629702000034,33.91007792900007],[35.57485236700006,33.90587982400007],[35.56557871500007,33.90168151300003],[35.56136341900003,33.90051527900005],[35.55546200400005,33.898882524000044],[35.55068466800003,33.89958228000006],[35.55208976700004,33.90261448900003],[35.551527727000064,33.904946884000026],[35.55012262900004,33.903314214000034],[35.54562631300007,33.90238124600006],[35.54066645000006,33.90122393300004],[35.54050051200005,33.898882524000044],[35.53978110200006,33.89574754800003],[35.537622870000064,33.89291104100005],[35.53636390100007,33.88947724900004],[35.53492508000005,33.88574470900005],[35.53077061700003,33.88057816500003],[35.526797989000045,33.879753641000036],[35.52342575200004,33.87788717900003],[35.52005351500003,33.87485409100003],[35.518648416000076,33.87345416800002],[35.516119239000034,33.870654253000055],[35.51415210000005,33.866920890000074],[35.51190394200006,33.865520837000076],[35.50712660700003,33.86715423000004],[35.504878449000046,33.86995426000004],[35.50066315200007,33.87205422200003],[35.494480718000034,33.87182089500004],[35.48829828300006,33.87158756800005],[35.48436400700007,33.87112091200004],[35.48445066000005,33.865794771000026],[35.48548200700003,33.865121903000045],[35.48717636200007,33.86218569000005],[35.48739736500005,33.86004463800003],[35.48739736500005,33.851785791000054],[35.48629235100003,33.84744192900007],[35.48639364400003,33.84437126700004],[35.48673896100007,33.84169438500004],[35.48639364400003,33.840355912000064],[35.48501237500005,33.839877881000064],[35.48409153000006,33.84217240500004],[35.48409153000006,33.844275665000055],[35.483746213000074,33.84609207500006],[35.483285790000025,33.84647447200007],[35.482134733000066,33.84590087600003],[35.482134733000066,33.84341524700005],[35.48248005000005,33.84188559300003],[35.48294047300004,33.84026030600006],[35.483400896000035,33.83882620400004],[35.483631107000065,33.83720085900006],[35.483631107000065,33.83366323600006],[35.483746213000074,33.832324638000046],[35.48466705800007,33.830029850000074],[35.48720740500005,33.82568693200005],[35.48931571900005,33.828489207000075],[35.48696023900004,33.82535840400004],[35.48743133500005,33.82066198500007],[35.48743133500005,33.81753089600005],[35.48554695100006,33.81400828400007],[35.484604759000035,33.81244263200006],[35.48366256700007,33.81009410000007],[35.48342701800004,33.806179737000036],[35.48272037400005,33.802852388000076],[35.48154263400005,33.79952490900007],[35.48224927800004,33.79502282000004],[35.48012934600007,33.78954169700006],[35.47683167400004,33.78484331200008],[35.474476193000044,33.78171091200005],[35.47282735700003,33.77916575200004],[35.469529684000065,33.77564156100004],[35.46764530000007,33.772508824000056],[35.46340698700004,33.764897905000055],[35.46364098400005,33.765068116000066],[35.46175659900007,33.76369738900007],[35.45940111900006,33.75938924600007],[35.45822337900006,33.757235094000066],[35.45610344600004,33.75468920800006],[35.451156938000054,33.74920550300004],[35.44997919800005,33.74607180000004],[35.44903700500004,33.742154511000024],[35.448330361000046,33.734515282000075],[35.448565909000024,33.730989254000065],[35.447623717000056,33.72413267500008],[35.44668152500003,33.716883695000035],[35.44644597700005,33.711593513000025],[35.44385494900007,33.70669490600005],[35.44197056400003,33.70375560700006],[35.43914398800007,33.70081620800005],[35.43278419100005,33.69826864700008],[35.429957615000035,33.698072678000074],[35.425246654000034,33.697288796000066],[35.423597818000076,33.69552503600005],[35.42147788500006,33.69278133700004],[35.421127385000034,33.68562409700007],[35.421087759000045,33.66352303900004],[35.420880734000036,33.65955986200004],[35.41984561100003,33.65680276100005],[35.415291069000034,33.65318393200005],[35.41115057600007,33.652494614000034],[35.407838182000035,33.65214995300005],[35.40245554100005,33.65180529100007],[35.400592320000044,33.64870326700003],[35.40204149200008,33.64663518900005],[35.40328364000004,33.644050021000055],[35.40369768900007,33.640947718000064],[35.40328364000004,33.61302195700006],[35.40142041800004,33.61026336600003],[35.39935017200003,33.60940128800007],[35.393967531000044,33.60905645400004],[35.392518359000064,33.60526319500008]]]}},{"type":"Feature","properties":{"region_id":"north","name_ar":"الشمال","name_en":"North","area_km2":1970.94,"source_districts":["Batroun","Koura","Tripoli","Bcharre","Zgharta","Minieh-Dinnieh","Akkar"],"label_lng":36.06101648145932,"label_lat":34.47238027748727,"page":"north.html"},"geometry":{"type":"Polygon","coordinates":[[[35.64914626700005,34.208920453000076],[35.651174721000075,34.209852402000024],[35.65899767900004,34.209967928000026],[35.663887027000044,34.21008345400003],[35.66919546300005,34.21019898000003],[35.67324663800008,34.21089213000005],[35.67813598600003,34.21193184600003],[35.68176807400005,34.21170079900003],[35.683025335000025,34.20904371600005],[35.68470168300007,34.20627101800005],[35.687355901000046,34.20257394500004],[35.689171945000055,34.20003211300008],[35.69224525000004,34.197952376000046],[35.69573764100005,34.196912488000066],[35.70132546800005,34.19656585600006],[35.71040568700005,34.19633476700005],[35.71459655800004,34.195641497000054],[35.72018438500004,34.19448603300003],[35.722978298000044,34.19344610300004],[35.72647069000004,34.190557339000065],[35.729404299000066,34.18743736300007],[35.73345547400004,34.18501063600007],[35.74183721500003,34.184548394000046],[35.74518991100007,34.18524175600004],[35.74896169400006,34.18593511200004],[35.755387695000024,34.18593511200004],[35.75860069600003,34.18605067100003],[35.761394609000035,34.18836181300003],[35.76718918600005,34.19159268300007],[35.77005015300006,34.193293578000066],[35.773715768000045,34.19514233900003],[35.78059997100007,34.19536418700005],[35.785427853000044,34.19506838900003],[35.78909346800003,34.193663334000064],[35.79132859900005,34.19122291900004],[35.79302729800003,34.18870847900007],[35.79427897100004,34.18582417500005],[35.79830220700006,34.184197089000065],[35.80330890000005,34.183901251000066],[35.80876261900005,34.18404917000004],[35.81153418100007,34.18456688400005],[35.811802397000065,34.190557339000065],[35.81135537100005,34.193219627000076],[35.81359050200007,34.194920489000026],[35.81770314200003,34.19418098800003],[35.81967005700005,34.19196244600005],[35.82101113600004,34.19070524600005],[35.82414031900004,34.190335478000065],[35.83048809100006,34.19026152400005],[35.83460073100008,34.19114896600007],[35.83737229400003,34.19240615900003],[35.84460084600005,34.18680179900008],[35.850275983000074,34.18535731600008],[35.85464147300007,34.18391280800006],[35.85747904100003,34.182468275000076],[35.86140798200006,34.18012085700008],[35.86642829600004,34.17524524100003],[35.86882931500003,34.17217526400003],[35.869484139000065,34.16838278600005],[35.871012060000055,34.16513195400006],[35.872321707000026,34.161700385000074],[35.874941001000025,34.158991153000045],[35.87930649100008,34.157546194000076],[35.88170751000007,34.15483682900003],[35.88650954900004,34.15375305800006],[35.89655017600006,34.15339179800003],[35.90266186200006,34.15393368800005],[35.90746390100003,34.15519808200003],[35.911392841000065,34.15664308200007],[35.92361621300006,34.15664308200007],[35.93022459500003,34.15727164900005],[35.93320476900004,34.15809367600008],[35.938171726000064,34.16035420900005],[35.94338703200003,34.16549155800004],[35.94785729300003,34.16775189300006],[35.95555607700004,34.16569704600005],[35.96027468700004,34.163847641000075],[35.96524164400006,34.162614681000036],[35.971450341000036,34.161381704000064],[35.974678863000065,34.160148708000065],[35.97964582100008,34.15809367600008],[35.98436443000003,34.156655123000064],[35.98833799600004,34.155627571000025],[35.99206321400004,34.15439449100006],[35.99703017100006,34.15316139400005],[36.000258694000024,34.15233931900008],[36.005722347000074,34.15131171400003],[36.01168269600004,34.14925646700004],[36.01441452200004,34.145351359000074],[36.01565626100006,34.14041833300007],[36.01683758000007,34.13533395600007],[36.03415578600004,34.163129482000045],[36.007531914000026,34.16894845100006],[36.00856070000003,34.16983954900007],[36.01226433200003,34.170690738000076],[36.01617372100003,34.17103121200006],[36.01864280900003,34.17171215400003],[36.02090614000008,34.174776328000064],[36.022346441000025,34.17767016800008],[36.02419825700008,34.181414990000064],[36.023951743000055,34.18177753400005],[36.02870036300004,34.185090768000066],[36.03169922600006,34.18815515700004],[36.03293405200003,34.189614350000056],[36.03522730100008,34.192970399000046],[36.03610932000004,34.19472132800007],[36.03875537600004,34.19690993800003],[36.04104862500003,34.19924439300007],[36.042812662000074,34.20187057800007],[36.04404748800005,34.203767216000074],[36.045987929000034,34.20493435700007],[36.049692408000055,34.20639326000003],[36.053220483000075,34.20741447700004],[36.05569013500008,34.20931099000006],[36.057630576000065,34.21076981700003],[36.06080584400007,34.21222861900003],[36.06309909200007,34.214854399000046],[36.06627436000008,34.219230518000074],[36.06856760800008,34.22214780400003],[36.07103726100007,34.224919132000025],[36.073683317000075,34.22725281100003],[36.07527095100005,34.228857178000055],[36.07844621800007,34.231482440000036],[36.08179788900003,34.23498266100006],[36.08320911900006,34.23746189700006],[36.083914734000075,34.239357734000066],[36.086031579000064,34.243586755000024],[36.087090001000035,34.24562827500006],[36.08903044300007,34.24664901600005],[36.09255851700004,34.247815563000074],[36.095028170000035,34.24956535200005],[36.09679220700008,34.25233577800003],[36.09908545600007,34.25568932900006],[36.09996747500003,34.25627254200003],[36.10155510800007,34.257876356000054],[36.104201164000074,34.26035491700003],[36.10596520200005,34.26210444600002],[36.10808204700004,34.26385393800007],[36.109669680000025,34.26749859700004],[36.111080910000055,34.26953953700007],[36.11355056300005,34.27070576600005],[36.11813706000004,34.271871979000025],[36.12219434600007,34.27376704100004],[36.123429172000044,34.27609936600004],[36.12395838400005,34.278577390000066],[36.12748645800008,34.28061806100004],[36.13013251500007,34.28309595200005],[36.13013251500007,34.28455350100006],[36.132778571000074,34.28557377100003],[36.13807068300008,34.28688552700004],[36.13809809500003,34.28747437900006],[36.138247087000025,34.29067493100007],[36.13771787500008,34.29256956800003],[36.137188664000064,34.29621298200004],[36.137365068000065,34.297670304000064],[36.14071673900003,34.298981871000024],[36.14018752800007,34.301604945000065],[36.139715815000045,34.301852919000055],[36.14311269500007,34.309031720000064],[36.144626781000056,34.310595017000026],[36.14651938800006,34.31215828400008],[36.149169037000036,34.31372152300003],[36.15295425100004,34.319974185000035],[36.15522537900006,34.32435077200006],[36.157496507000076,34.32747676500003],[36.162038764000044,34.33466610800008],[36.163174328000025,34.338104272000066],[36.16430989200006,34.33997957400004],[36.17036623400003,34.342479913000034],[36.17566553300003,34.34310498600007],[36.180207789000065,34.34466764700005],[36.18210039600007,34.346542803000034],[36.18323596000005,34.35123050900006],[36.18399300300007,34.35560546500005],[36.185507088000065,34.36029266500003],[36.18588561000007,34.36497960200006],[36.18588561000007,34.368728963000024],[36.18437152400003,34.373415428000044],[36.18323596000005,34.37747681900004],[36.18210039600007,34.38278757200004],[36.18285743900003,34.38809798800003],[36.17671025200008,34.39124659300006],[36.169442642000035,34.39124659300006],[36.16314404600007,34.39584434400007],[36.16047925600003,34.39804317900007],[36.15708770400005,34.399642295000035],[36.154907421000075,34.40164114700008],[36.151273616000026,34.406438198000046],[36.14909333300005,34.40903648600005],[36.14618628900007,34.412633982000045],[36.14424825900005,34.41603147500007],[36.14376375200004,34.418429623000065],[36.143392024000036,34.42026950300004],[36.151858609000044,34.41992413600008],[36.15352203300006,34.41992413600008],[36.158512305000045,34.42019857300005],[36.161839153000074,34.41882638000004],[36.165831370000035,34.41772860900005],[36.16982358800004,34.41745416400005],[36.17381580500006,34.415807475000065],[36.17647728400004,34.413611839000055],[36.18013681600007,34.41278846100005],[36.18545977300005,34.413611839000055],[36.18878662100008,34.41498411800006],[36.19410957800005,34.41635637500008],[36.19843448000006,34.41717971800006],[36.20142864300004,34.41745416400005],[36.207749654000054,34.41910082000004],[36.21273992600004,34.420473009000034],[36.21773019800003,34.41964969900005],[36.21939362200004,34.41772860900005],[36.22338584000005,34.41827749600003],[36.22504926400006,34.41937526000004],[36.229041481000024,34.42129631200004],[36.23037222000005,34.424040595000065],[36.232035644000064,34.425138283000024],[36.23236832900005,34.42266846500007],[36.23369906800008,34.42019857300005],[36.23702591600005,34.41772860900005],[36.24168350300005,34.41882638000004],[36.245010351000076,34.420473009000034],[36.245675721000055,34.42239403600007],[36.24733914500007,34.425687122000056],[36.24833719900005,34.428705670000056],[36.24866988400004,34.43144971000004],[36.24833719900005,34.432821696000076],[36.24401229700004,34.43611437200008],[36.24268155800007,34.43776066000004],[36.24268155800007,34.440504403000034],[36.24367961200005,34.442973695000035],[36.24334692700006,34.44708901800004],[36.24135081900005,34.45010679300003],[36.24068544900007,34.453124460000026],[36.242016188000036,34.45669065200008],[36.24301424300006,34.45806222300007],[36.245343036000065,34.45915946500003],[36.25033330800005,34.45915946500003],[36.25532358000004,34.458885156000065],[36.260313852000024,34.45943377300006],[36.26497143900008,34.46327399100005],[36.26730023300007,34.46546832200005],[36.270294396000054,34.46821115400007],[36.27495198300005,34.47067962700004],[36.27994225500004,34.47287376300005],[36.28293641800008,34.475342097000066],[36.28526521200007,34.477810359000046],[36.287747988000035,34.481403733000036],[36.29067431500005,34.48730001300004],[36.29164975700007,34.48957801000006],[36.29278777300004,34.491855945000054],[36.29457608300004,34.494803768000054],[36.29603924600008,34.49614365300005],[36.29733983600005,34.49641162700004],[36.30010358900006,34.49627764000007],[36.30254219400007,34.49681358700008],[36.304655652000065,34.50029716000006],[36.30546852000003,34.50324468400004],[36.30644396300005,34.506192104000036],[36.30790712600003,34.50806768100006],[36.30969543600003,34.51061304000007],[36.31148374700007,34.512488517000065],[36.31327205800005,34.51382811800005],[36.31506036800005,34.514497910000046],[36.31782412100006,34.514497910000046],[36.32172588900005,34.51476582500004],[36.32302647900008,34.51597143400005],[36.323839347000046,34.517444932000046],[36.32676567400006,34.51838259900006],[36.32839141100004,34.51878445400007],[36.329041705000066,34.520391851000056],[36.329692,34.52199921600004],[36.33245575300003,34.52280288800006],[36.332618327000034,34.521865270000035],[36.334081490000074,34.52012395300005],[36.33440663700003,34.51905235500004],[36.33375634200007,34.51717702600007],[36.33603237400007,34.51530165400004],[36.33619494800007,34.51061304000007],[36.335544653000056,34.50793371300006],[36.33586980000007,34.50538827300005],[36.33749553700005,34.50404853600003],[36.34025929000006,34.50471840700004],[36.34204760100005,34.505522245000066],[36.34513650100007,34.50806768100006],[36.34766655400006,34.50923152300004],[36.34969872500005,34.513417867000044],[36.351222853000024,34.51739470000007],[36.35300100300003,34.51948769400008],[36.35757338800005,34.520324876000075],[36.36163773000004,34.52304566200007],[36.36392392300007,34.52555707800008],[36.36621011500006,34.52806841700004],[36.37281467100007,34.533090870000024],[36.37459282100008,34.53560198300005],[36.37738705600003,34.53518346900006],[36.38272150500006,34.536648257000024],[36.38526171900003,34.53895001500007],[36.386785848000045,34.54313486600006],[36.38754791200006,34.545436445000064],[36.389580083000055,34.54711028000003],[36.39389844600004,34.54857485900004],[36.39720072500006,34.54941174900006],[36.405329409000046,34.54983019100007],[36.40888570800007,34.55150393800005],[36.41218798600005,34.555478952000044],[36.414474179000024,34.55882618500004],[36.41472820000007,34.561336521000044],[36.41193396500006,34.566147787000034],[36.40939375100004,34.56844872900007],[36.40583745200007,34.570331270000054],[36.39872485300003,34.57221376900003],[36.39745474600005,34.57451454300008],[36.39745474600005,34.57765186000006],[36.401419512000075,34.58153561000006],[36.40235593600005,34.58307754800006],[36.40235593600005,34.58393416800004],[36.40277212500007,34.58513342200007],[36.403188313000044,34.586246999000025],[36.40339640800005,34.58796016500003],[36.40298021900003,34.59070115700007],[36.403188313000044,34.59249988400006],[36.40339640800005,34.59455552400004],[36.403708549000044,34.59584027300008],[36.40506116200004,34.59858100500003],[36.40693401100003,34.60003698200006],[36.40797448300003,34.601749864000055],[36.40745424700003,34.602606292000075],[36.40599758700006,34.603548352000075],[36.40443687900006,34.60440476100007],[36.40537330400008,34.605603718000054],[36.405165210000064,34.60688829700007],[36.40495711500006,34.60842976500004],[36.406205681000074,34.609543029000065],[36.40714210600004,34.61039937600003],[36.40901495500003,34.61117008100007],[36.41109589800004,34.61091318100006],[36.41234446400006,34.61108444800004],[36.41380112400003,34.61228330900008],[36.41525778400006,34.61271147000008],[36.41536183100004,34.609371759000055],[36.41536183100004,34.60646010600004],[36.41754682200008,34.60654574500006],[36.41952371800005,34.60740212300004],[36.421500614000024,34.606717021000065],[36.426598925000064,34.60543244000007],[36.428263679000054,34.603633993000074],[36.429720340000074,34.60166422100008],[36.43096890500004,34.60037956100007],[36.43169723600005,34.598837944000024],[36.43294580200006,34.595668974000034],[36.43315389600008,34.593356406000055],[36.43544293300005,34.592328578000036],[36.43669149900006,34.592328578000036],[36.439188631000036,34.592157272000065],[36.44147766900005,34.592328578000036],[36.44407884800006,34.59275684100004],[36.446575980000034,34.59301379800007],[36.44886501700006,34.59267118900004],[36.451154055000075,34.59224292500005],[36.452298573000064,34.59267118900004],[36.45313095100005,34.59404161800006],[36.45375523400003,34.59489812600003],[36.45469165800006,34.59592592200005],[36.45500380000004,34.59695370600008],[36.45562808300008,34.59823841900004],[36.45760497900005,34.600122627000076],[36.45802116700003,34.601236003000054],[36.45843735600005,34.602435007000054],[36.459425804000034,34.605138054000065],[36.46023867200006,34.60660997300005],[36.46153926200003,34.608750900000075],[36.46056382000006,34.61330018700005],[36.46040124600006,34.61490575800008],[36.461051541000074,34.616645092000056],[36.46007609900005,34.618116807000035],[36.458612936000065,34.618919550000044],[36.45796264100005,34.62306693100004],[36.458287788000064,34.62587632900005],[36.46137668800003,34.62681277400003],[36.46267727800006,34.62855185800004],[36.46186440900004,34.630692219000025],[36.46040124600006,34.63336759300006],[36.46040124600006,34.63430395300003],[36.46511588300007,34.63644416600005],[36.464790736000054,34.63778177100005],[36.46300242500007,34.638316807000024],[36.459425804000034,34.63858432400008],[36.45552403500005,34.638718082000025],[36.45259770900003,34.638316807000024],[36.44885851400005,34.63684545000007],[36.44576961400003,34.63483901200004],[36.44235556700005,34.633768892000035],[36.43764093000004,34.63256499000005],[36.434064309000064,34.63095976100004],[36.42967481900007,34.629220727000074],[36.425285329000076,34.62788298400005],[36.42089584000007,34.627214104000075],[36.41813208700006,34.62748165700003],[36.41650635000008,34.62855185800004],[36.41423031800008,34.62948827300005],[36.41146656600006,34.63109353100003],[36.41049112400003,34.63256499000005],[36.41032855000003,34.63363512600006],[36.405613913000025,34.63590911800003],[36.40317530800007,34.63791553000004],[36.40138699700003,34.63818304800003],[36.39992383400005,34.636577928000065],[36.39781037600005,34.63483901200004],[36.39602206500007,34.63323382600004],[36.393095739000046,34.63136107100007],[36.39065713400004,34.631227301000024],[36.38903139700005,34.63269875800006],[36.386755365000056,34.632832525000026],[36.38175459800004,34.634202292000055],[36.38071412700003,34.63522960200004],[36.379569608000054,34.63642811500006],[36.37821699500006,34.63754100400007],[36.37676033500003,34.63856827300003],[36.37467939100003,34.63899629800005],[36.37187011800006,34.64182120700008],[36.36968512800007,34.64250601900005],[36.36635561800006,34.64284842300003],[36.36552324100006,34.643533226000045],[36.36521110000007,34.64490281600007],[36.36375443900005,34.64661477200008],[36.36250587400008,34.64764192900003],[36.36115326000004,34.64772752500005],[36.36021683600006,34.648583478000035],[36.36000874200005,34.64978179700006],[36.35865612900005,34.651151284000036],[36.35834398700007,34.65200720200005],[36.356575185000054,34.65431813600003],[36.35553471400004,34.656286658000056],[36.355430667000064,34.65662900500007],[36.35532661900004,34.65799837900005],[36.35314162900005,34.65971006400002],[36.351372827000034,34.660394729000075],[36.35106068600004,34.661164969000026],[36.35054045000004,34.66339006800007],[36.350644497000076,34.66475933000004],[36.35147687400007,34.66587183900003],[36.35199711000007,34.66724106000004],[36.351268780000055,34.668439110000065],[36.351684969000075,34.66946599600004],[36.351684969000075,34.670407297000054],[36.351164733000076,34.671862014000055],[36.35199711000007,34.67246100700004],[36.35418210100005,34.67365898200006],[36.355014478000044,34.67477137100008],[36.35553471400004,34.67648271000007],[36.35511852500008,34.67793732000007],[36.35470233600006,34.67922077800006],[36.354910431000064,34.68058977900006],[36.35553471400004,34.68161651400004],[36.355950902000075,34.68332771100006],[36.354910431000064,34.684953316000076],[36.353453771000034,34.68503887400004],[36.35158092200004,34.684782201000075],[36.349812120000024,34.685381102000065],[36.34835546000005,34.68597999800005],[36.34689879900003,34.68709222100006],[36.34585832800008,34.68794776800007],[36.344921903000056,34.689402177000034],[36.343985479000025,34.68982993900005],[36.34148834700005,34.689402177000034],[36.34044787500005,34.689402177000034],[36.33979189100006,34.692813855000054],[36.33699765500006,34.692813855000054],[36.332425270000044,34.69135182000008],[36.326836800000024,34.69051635900007],[36.320994308000024,34.689472022000075],[36.31870811500005,34.68717443400004],[36.31667594400005,34.68508566300005],[36.312103559000036,34.683832374000076],[36.31032540900003,34.68111685100007],[36.307531174000076,34.67652114800006],[36.30676911000006,34.671925189000035],[36.30422889600004,34.669627114000036],[36.30270476800007,34.66544863300004],[36.30549900300008,34.66294144300008],[36.307785196000054,34.658762624000076],[36.308039217000044,34.655001507000065],[36.30626106700004,34.65228503900005],[36.304736939000065,34.650404355000035],[36.302450746000034,34.64476204700003],[36.298894447000066,34.639746339000055],[36.29559216900003,34.635357346000035],[36.29228989100005,34.63305825700007],[36.28644739900005,34.63180418200005],[36.28441522800006,34.632640234000064],[36.28238305700006,34.632222209000076],[36.277330412000026,34.62873423000008],[36.275445097000045,34.63012225400007],[36.27296442000005,34.63061214000004],[36.27088065100003,34.63020390200006],[36.26770538300008,34.62865258100004],[36.264629343000024,34.62840763300005],[36.263240163000034,34.63012225400007],[36.26155330300003,34.631346962000066],[36.256790402000036,34.63208177800004],[36.25609581200007,34.63289823300005],[36.25341668000004,34.63289823300005],[36.24795918900003,34.63330645800005],[36.24617310100007,34.634041256000046],[36.24498237600005,34.63567411900004],[36.24329551500006,34.63542919200006],[36.241906336000056,34.63363303600005],[36.23972334000007,34.632000133000076],[36.23793725200005,34.63265329800004],[36.237540343000035,34.631591902000025],[36.23813570600004,34.62914247500004],[36.23724266200003,34.62775443400005],[36.23509338700006,34.62780163800005],[36.23194409000007,34.629197014000056],[36.22831028400003,34.629197014000056],[36.22613000100006,34.62700427000004],[36.222253943000055,34.629197014000056],[36.219346898000026,34.631190367000045],[36.21595534700003,34.63158903100003],[36.21111027400008,34.632785014000035],[36.20820322900005,34.634977605000074],[36.203600410000035,34.636970819000055],[36.19754406800007,34.637369456000044],[36.19124547200005,34.637170138000045],[36.18422011600006,34.636173539000026],[36.17889053500005,34.63457895700003],[36.17695250500003,34.63158903100003],[36.17622574400008,34.62959568800005],[36.169927149000046,34.63039303100004],[36.16483982200003,34.63198769400003],[36.16144827000005,34.633781654000074],[36.15829897200007,34.634778281000024],[36.154180660000065,34.634180306000076],[36.15006234800006,34.634180306000076],[36.14812431800004,34.63537625200007],[36.14594403500007,34.636970819000055],[36.14327924500003,34.636771500000066],[36.137949664000075,34.63657218000003],[36.135527127000046,34.637768091000055],[36.13213557600005,34.639561926000056],[36.12995529300008,34.639561926000056],[36.12753275600005,34.64055848400005],[36.12607923400003,34.64215295100007],[36.12341444300006,34.641555029000074],[36.119780638000066,34.63936261300006],[36.117115848000026,34.63657218000003],[36.11298239400003,34.63408064300006],[36.11012077300006,34.63374428000003],[36.10780422200003,34.63419276400003],[36.105896474000076,34.63520184400005],[36.103307388000076,34.63553820100003],[36.10248978200008,34.63464124500007],[36.10058203400007,34.635650320000025],[36.09894682200007,34.637332084000036],[36.09649400400008,34.635762439000075],[36.097039074000065,34.634417005000046],[36.09717534200007,34.63329579300006],[36.09458625600007,34.632623059000025],[36.094722524000076,34.63138969900007],[36.09431372100005,34.62925930700004],[36.09254224100005,34.62925930700004],[36.09254224100005,34.630604824000045],[36.09117956400007,34.63094120000005],[36.089953155000046,34.62981994200004],[36.088454210000066,34.630604824000045],[36.086682730000064,34.63217456700005],[36.08382110800005,34.63217456700005],[36.08286723500004,34.630829075000065],[36.08123202200005,34.63105332500004],[36.08136829000006,34.63273518200003],[36.08123202200005,34.63430488500006],[36.07918800700003,34.63452912500003],[36.078097865000075,34.63318367200003],[36.07673518800004,34.63071695000008],[36.07523624400005,34.62892292400005],[36.07387356700008,34.62903505200006],[36.07387356700008,34.63071695000008],[36.07360103100007,34.63217456700005],[36.07237462200004,34.63318367200003],[36.06869539500008,34.63396852200003],[36.06678764700007,34.63396852200003],[36.06637884400004,34.63307154900008],[36.06515243500007,34.632398813000066],[36.06487989900006,34.63352003700004],[36.064743631000056,34.63520184400005],[36.063653490000036,34.63643514700004],[36.06120067200004,34.635762439000075],[36.05902038800008,34.63419276400003],[36.057385176000025,34.63340791500008],[36.05493235800003,34.63307154900008],[36.053297145000045,34.63161394800005],[36.05275207500006,34.62914717900003],[36.05152566500004,34.62836228300006],[36.049890453000046,34.62959568800005],[36.04442579200003,34.629902825000045],[36.04370019300006,34.63040802100005],[36.04252807300003,34.630499874000066],[36.04068617000007,34.63022431400003],[36.039011713000036,34.62958133600006],[36.03783959200007,34.629030208000074],[36.03661165700004,34.629259845000036],[36.03605350500004,34.628984280000054],[36.03532790600008,34.62783608400008],[36.03387671000007,34.62797386900007],[36.03387671000007,34.62857093100007],[36.03437904700007,34.62889242500006],[36.03516046100003,34.62939762700006],[36.035495352000055,34.63036209400008],[36.03432323200008,34.631418403000055],[36.03343018800007,34.63132655100003],[36.03192317600008,34.63100506600006],[36.031085948000054,34.63054580100004],[36.02952312100007,34.63027024100006],[36.02851844600008,34.63040802100005],[36.02762540200007,34.63105099300003],[36.026676543000065,34.632704326000066],[36.02583931400005,34.63403615400006],[36.02444393300004,34.63536796000005],[36.023550889000035,34.63596497000003],[36.02092757300005,34.63656197500006],[36.01997871400005,34.63633235800006],[36.01919730000003,34.636286434000056],[36.01819262600003,34.63651605200005],[36.01690887500007,34.63734266800003],[36.015960016000065,34.63771005000007],[36.014453004000075,34.63853665400006],[36.01272273100005,34.63945509400003],[36.011438981000026,34.64037352300005],[36.009652893000066,34.641291943000056],[36.008927295000035,34.64198075000007],[36.00831332700005,34.64198075000007],[36.00658305400003,34.642164431000026],[36.00630397800006,34.64280731200006],[36.00647142400004,34.64335834900004],[36.00725283700007,34.64390938100007],[36.00775517500006,34.64455224900007],[36.00809006600008,34.64537878500005],[36.00769935900007,34.64583796800002],[36.006917946000044,34.64583796800002],[36.00569001000008,34.645516540000074],[36.00420979000006,34.64508858000005],[36.003566798000065,34.64514735500006],[36.00274519800007,34.64494164000007],[36.001959319000036,34.644471431000056],[36.00131632800003,34.644206938000025],[36.000351840000064,34.64408938500003],[35.99885152600007,34.643795502000046],[35.997994204000065,34.64338406300004],[35.99663677700005,34.643178344000034],[35.99549368100003,34.64314895500007],[35.99474352400006,34.64335467500007],[35.99431486300006,34.643795502000046],[35.993457541000055,34.64494164000007],[35.99281454900006,34.645029804000046],[35.992564497000046,34.644618372000025],[35.992421610000065,34.64376611300003],[35.99220727900007,34.64303140100003],[35.99134995700007,34.642943235000075],[35.99070696600006,34.64311956600005],[35.99017113900004,34.64376611300003],[35.99009969600007,34.644206938000025],[35.990242583000054,34.644647760000055],[35.990242583000054,34.64561756000006],[35.99020686100005,34.646352250000064],[35.99027830500006,34.646969384000045],[35.99042119200004,34.647322030000055],[35.99134995700007,34.64823302600007],[35.99149284400005,34.64893830600005],[35.99149284400005,34.649496648000024],[35.99145712300003,34.64984928400003],[35.99120707000003,34.650525164000044],[35.990063974000066,34.65073086600006],[35.98949242600003,34.65049577800005],[35.988492217000044,34.649937442000066],[35.987777781000034,34.64961419400004],[35.98681329400006,34.649437876000036],[35.98659896300006,34.64914401100003],[35.98659896300006,34.648644440000055],[35.98588452800004,34.64849750700006],[35.98534870200007,34.648820760000035],[35.98506292800005,34.649437876000036],[35.98488431900006,34.649761125000055],[35.984384214000045,34.64984928400003],[35.98359833600006,34.649761125000055],[35.98241951800003,34.64981989700004],[35.98166936100006,34.65005498700003],[35.98052626500004,34.65005498700003],[35.980097604000036,34.649761125000055],[35.98020476900007,34.64885014600003],[35.980561986000055,34.647439579000036],[35.980847760000074,34.646352250000064],[35.980847760000074,34.64570572300005],[35.98074059500004,34.64514735500006],[35.980276212000035,34.64467714800003],[35.97963322100003,34.64441265500005],[35.97899022900003,34.64441265500005],[35.978097185000024,34.64453020700006],[35.97698981100007,34.644618372000025],[35.976311097000064,34.64429510200006],[35.97588243600006,34.64373672500005],[35.975525219000076,34.64309017800008],[35.97548949700007,34.64223790400007],[35.97563238400005,34.64150317700006],[35.97681120200008,34.63803518200007],[35.97770424600003,34.63618356600006],[35.97745419300003,34.63483156600006],[35.97663259300003,34.63439069200007],[35.975846714000056,34.63424373300006],[35.975275166000074,34.63424373300006],[35.97506083600007,34.634008599000026],[35.97534661000003,34.63327380000004],[35.97577527100003,34.632333247000076],[35.97627537500006,34.63098118500005],[35.97670403700005,34.629893640000034],[35.977061254000034,34.628659113000026],[35.97852983100006,34.62330845900004],[35.98485084200007,34.611535597000056],[35.98651426600003,34.60742839100004],[35.987512320000064,34.60277331300006],[35.98851037500003,34.59565327700005],[35.98884305900003,34.58935427400007],[35.98984111400006,34.581685279000055],[35.99150453800007,34.57291984700004],[35.99216990700006,34.564427452000075],[35.99216990700006,34.55648216900005],[35.98884252700003,34.543213061000074],[35.98843372400006,34.53827419900006],[35.98775238600007,34.53299827300003],[35.986798512000064,34.52929369900005],[35.985708370000054,34.52648709500005],[35.983391819000076,34.52266996000003],[35.980939001000024,34.520199957000045],[35.97807737900007,34.51829126700005],[35.97385308100007,34.516494814000055],[35.97153653000004,34.516157975000056],[35.96867490900007,34.516494814000055],[35.96526821600003,34.51716848900003],[35.96186152400003,34.51694393100007],[35.96022631200003,34.515708854000025],[35.95899990300006,34.51481060400005],[35.95625940800005,34.51150446200006],[35.95292599700008,34.510442477000026],[35.95013523500006,34.509548163000034],[35.94749951500006,34.508526078000045],[35.94501883700008,34.50737621800005],[35.943313371000045,34.50545974800008],[35.94160790600006,34.502137764000054],[35.939902440000026,34.49907119900007],[35.93695663500006,34.496643422000034],[35.934631,34.49498227000004],[35.93215032200004,34.49268216000007],[35.929979729000024,34.49025419700007],[35.92827426300005,34.48744278200007],[35.92160744200004,34.482203076000076],[35.91416540900008,34.475557121000065],[35.910909520000075,34.472106128000064],[35.90672337600006,34.469038459000046],[35.903777572000024,34.46750458200006],[35.90036664000007,34.46686545800003],[35.897575878000055,34.46686545800003],[35.89509520000007,34.46699328300008],[35.89230443800005,34.46622633000004],[35.888893506000045,34.464692401000036],[35.884862405000035,34.463669766000066],[35.88036617700004,34.46213579100004],[35.87695524500003,34.461240959000065],[35.87369935500004,34.46021828200003],[35.869358170000055,34.458812081000076],[35.86548211100006,34.45830072900003],[35.86111680700003,34.45563937600008],[35.85917636600004,34.456221199000026],[35.856177503000026,34.456221199000026],[35.853002235000076,34.45636665400008],[35.84841573800003,34.45636665400008],[35.84594608500004,34.45665756400007],[35.84524047000008,34.45738483300005],[35.84224160700006,34.458112096000036],[35.84047756900003,34.457530286000065],[35.83959555100006,34.45651210900007],[35.83730230200007,34.454766634000066],[35.83571466800004,34.45520300600003],[35.83289220800003,34.45636665400008],[35.83077536400003,34.45723938000003],[35.82936413400006,34.45854845100007],[35.82724728900007,34.45782119200004],[35.825130444000024,34.45738483300005],[35.82495404000008,34.45665756400007],[35.82495404000008,34.45549392000004],[35.82618886600005,34.45345750400003],[35.826541674000055,34.45200289100006],[35.825130444000024,34.45156650200005],[35.82371921400005,34.45156650200005],[35.82124956100006,34.45171196500007],[35.81930912000007,34.45214835300004],[35.81807429400004,34.452875662000054],[35.81683946800007,34.453748423000036],[35.81560464200004,34.454475718000026],[35.81454621900008,34.455348463000064],[35.811900163000075,34.45593028800005],[35.80995972200003,34.45563937600008],[35.808195685000044,34.45520300600003],[35.806960858000025,34.453893883000035],[35.80519682100004,34.45171196500007],[35.80625524300007,34.45040278700003],[35.80678445500007,34.44894812000007],[35.80678445500007,34.448366246000035],[35.807137262000026,34.44720248700003],[35.80766647300004,34.446911545000034],[35.80995972200003,34.446911545000034],[35.81154735600006,34.44676607300005],[35.812605778000034,34.445456817000036],[35.81313498900005,34.44283824400003],[35.812782182000035,34.441528927000036],[35.81119454800006,34.43920120100006],[35.81154735600006,34.43745536400007],[35.811723759000074,34.435564],[35.812605778000034,34.432363132000035],[35.81384060400006,34.43018065100006],[35.81578104500005,34.42799811400005],[35.81807429400004,34.42654305800005],[35.82019113900003,34.42567001100008],[35.82177877300006,34.42363286800003],[35.827425875000074,34.418392152000024],[35.824397705000024,34.415894079000054],[35.82250509800008,34.41183455200007],[35.819855448000055,34.40871170500003],[35.815313192000076,34.40590104200004],[35.81077093500005,34.403402597000024],[35.80849980700003,34.400904076000074],[35.80849980700003,34.40078436500005],[35.80572603200005,34.40238541900004],[35.80184515000008,34.40078436500005],[35.79972830500003,34.39932883500006],[35.79725865300003,34.395398777000025],[35.79655303800007,34.394234280000035],[35.79408338500008,34.39248750400003],[35.79090811800006,34.39146853500006],[35.78879127300007,34.390595123000026],[35.78685083200003,34.38957613000008],[35.78491039100004,34.38826597900004],[35.78314635300006,34.38710138300007],[35.78050029700006,34.38550003600005],[35.77785424100006,34.38433540200003],[35.776266607000025,34.383461915000055],[35.771357630679624,34.38309080397584],[35.771333740000046,34.38311948300003],[35.76856580300006,34.38276804800006],[35.764946192000025,34.38083512900005],[35.761539500000026,34.380132238000044],[35.754113252000025,34.37999503300006],[35.752369025000064,34.37920328800004],[35.75045037600006,34.37898735700003],[35.74896778300007,34.37920328800004],[35.746700289000046,34.379563173000065],[35.744868851000035,34.37913131100004],[35.74303741400007,34.378411536000044],[35.74015944000007,34.37761977700006],[35.73754310000004,34.376540093000074],[35.73614771900003,34.37589227500007],[35.73571166200003,34.374452664000046],[35.73588608500006,34.372797080000055],[35.73588608500006,34.37142939900008],[35.73579887400007,34.366894296000055],[35.73649656400005,34.36567049700005],[35.73754310000004,34.36531055200004],[35.73719425500008,34.365094585000065],[35.73483954900007,34.36531055200004],[35.734229070000026,34.36502259500003],[35.73361859100004,34.36293488000007],[35.73414185900003,34.36192699800006],[35.73361859100004,34.36113508300008],[35.73204878700005,34.36063113300003],[35.72978129200004,34.36055914000008],[35.72725216400005,34.361279068000044],[35.72603120600007,34.36149504500003],[35.72576957200005,34.36055914000008],[35.72786264300004,34.35983920500007],[35.72899639100007,34.35911926400007],[35.728560334000065,34.358327323000026],[35.72908360200006,34.35717539400002],[35.729955715000074,34.35681541300005],[35.730391772000075,34.356239440000024],[35.730653406000044,34.355087482000044],[35.730304560000036,34.353719512000055],[35.73056619400006,34.352279520000025],[35.73013013800005,34.35055149600004],[35.729955715000074,34.34939946000003],[35.72969408100005,34.34817540500006],[35.72899639100007,34.347311355000045],[35.72794985500008,34.34659130700004],[35.72760100900007,34.345295204000024],[35.72760100900007,34.34363904400004],[35.72803706600007,34.342918964000035],[35.72899639100007,34.34198285100007],[35.729955715000074,34.341334767000035],[35.73082782800003,34.340470647000075],[35.731323280000026,34.33815314100008],[35.72987474900003,34.33739199200005],[35.72842621700005,34.33586967300005],[35.72710937000005,34.334456067000076],[35.726187577000076,34.333368662000055],[35.72592420800004,34.33184627000003],[35.72592420800004,34.330215106000026],[35.72539746900003,34.32891015100006],[35.72460736100004,34.32825766700006],[35.723158830000045,34.327605177000066],[35.72250040600005,34.32673518200005],[35.72276377500003,34.325430174000076],[35.72302714500006,34.32401639200003],[35.72302714500006,34.322058808000065],[35.722895460000075,34.32086248500008],[35.72223703700007,34.31901358700003],[35.72171029800006,34.31825226500007],[35.72105187400007,34.31716464900006],[35.720393451000064,34.31607702000008],[35.71920828900005,34.31455431400008],[35.718286496000076,34.31335788400003],[35.716574595000054,34.31227020500006],[35.715257748000056,34.31118251200007],[35.712229,34.30770179900003],[35.71104383800008,34.30650527100005],[35.70880519800005,34.305091170000026],[35.707093298000075,34.30443850000006],[35.70353781100005,34.30530872600008],[35.70116748700008,34.30639649500006],[35.698533793000024,34.308136896000065],[35.69603178400007,34.31020357600005],[35.694451567000044,34.31194389800004],[35.69247629700004,34.312922814000046],[35.689052495000055,34.313249117000055],[35.686023747000036,34.313249117000055],[35.684180162000075,34.31270527800007],[35.682204891000026,34.31172636000008],[35.67983456700006,34.310529889000065],[35.677859297000055,34.30933340100006],[35.675620657000024,34.30748425000007],[35.67364538700008,34.30617894200003],[35.67272359400005,34.30519994800005],[35.672460225000066,34.301827770000045],[35.672460225000066,34.30041359000006],[35.67193348600006,34.299108173000036],[35.67008990000005,34.298129096000025],[35.66982653100007,34.29573575000006],[35.67088000800004,34.29410388400004],[35.66926687100005,34.29232239300006],[35.66700354000005,34.28943249100007],[35.665768996000054,34.28824250300005],[35.66288839400005,34.28637248700005],[35.658773247000056,34.28484244300006],[35.65445234300006,34.28110221800006],[35.65445234300006,34.279232043000036],[35.65342355700005,34.27617166700003],[35.654863858000056,34.27430138200003],[35.65712718900005,34.27141086100005],[35.65774446100005,34.26920039500004],[35.65815597500006,34.26681982800005],[35.65795021800005,34.26358895100003],[35.65692143100006,34.26103817100005],[35.65650991700005,34.25882743200003],[35.65650991700005,34.25627650800004],[35.65753870300006,34.253555436000056],[35.658773247000056,34.251174427000024],[35.65959627700005,34.24896342900007],[35.660007791000055,34.245901951000064],[35.660007791000055,34.24403099400007],[35.65959627700005,34.24164971400006],[35.65836173300005,34.238928170000065],[35.65692143100006,34.23535601000003],[35.65650991700005,34.23263426200003],[35.65692143100006,34.230933125000035],[35.65692143100006,34.22889171500003],[35.65465810100005,34.22259705700003],[35.65445234300006,34.22174639100007],[35.65383507100006,34.22038530800006],[35.65260052800005,34.21885406400003],[35.65136598400005,34.21749293400006],[35.65074871200005,34.21528105200008],[35.64914626700005,34.208920453000076]]]}},{"type":"Feature","properties":{"region_id":"bekaa","name_ar":"البقاع","name_en":"Bekaa","area_km2":3280.89,"source_districts":["Zahle","Hermel","Baalbek"],"label_lng":36.23817856689635,"label_lat":34.13799020077329,"page":"bikaa.html"},"geometry":{"type":"Polygon","coordinates":[[[35.76971725200008,33.80865605100007],[35.77372524900005,33.80271782300008],[35.78021754200006,33.797432935000074],[35.783397440000044,33.79457015100007],[35.794659581000076,33.79556112600005],[35.796647017000055,33.793799386000046],[35.80088688200004,33.79247805600005],[35.805391738000026,33.79247805600005],[35.811354048000055,33.79335894500008],[35.81400396300006,33.79181738400007],[35.81466644200003,33.78873418000006],[35.81373897200007,33.78664194300006],[35.810559073000036,33.783558552000045],[35.80658420000003,33.77992441400005],[35.80565673000007,33.77364690200005],[35.805391738000026,33.77177457300007],[35.803934285000025,33.76791964800003],[35.80234433500004,33.76351380800003],[35.79995941200008,33.758777277000036],[35.794133672000044,33.75307051600004],[35.797971791000066,33.75147491900003],[35.800210693000054,33.74987929200006],[35.80484842000004,33.74974632100003],[35.809006382000064,33.751607886000045],[35.81076551900003,33.75307051600004],[35.81460363800005,33.752272721000054],[35.81556316800004,33.74987929200006],[35.81812191300003,33.74469329900006],[35.81828183500005,33.742698603000065],[35.81860167800005,33.74017192200006],[35.81988105100004,33.733921390000035],[35.82068065900006,33.73139445000004],[35.82307948300007,33.72381318400005],[35.82355924800004,33.72221704200007],[35.825478307000026,33.72128594600008],[35.82691760200004,33.718625615000064],[35.82803705300006,33.71476799000004],[35.82867673900006,33.71051109800004],[35.829476347000025,33.715034038000056],[35.82963626900005,33.71716239800003],[35.831235485000036,33.719955791000075],[35.831875172000025,33.72314812800005],[35.832195015000025,33.72660636000006],[35.832514858000025,33.73086245300004],[35.832834701000024,33.73418737900005],[35.83955140900008,33.73870907200006],[35.84115062500007,33.74136878000007],[35.847707411000044,33.74349648700007],[35.85186537200008,33.74549116500003],[35.855863412000076,33.74908146700005],[35.85842215800005,33.75213975400004],[35.859221766000076,33.75626162100008],[35.860501139000064,33.75945260800006],[35.86305988500004,33.763441174000036],[35.86705792500004,33.76649894900004],[35.87041627900004,33.76862603200004],[35.87409447600004,33.771018938000054],[35.87681314300005,33.772880041000064],[35.88017149700005,33.77434230700004],[35.88496914500007,33.777133838000054],[35.888007655000024,33.77886188300005],[35.89136600900008,33.77965943000004],[35.896803344000034,33.77819725400008],[35.89664342200007,33.77527282700004],[35.89600373600007,33.772880041000064],[35.89472436300008,33.77048718700007],[35.89456444100006,33.768360149000046],[35.89504420600008,33.76596716900008],[35.90000177600007,33.76463770700008],[35.90383989400004,33.76304232500007],[35.90479942400003,33.76078215000007],[35.90494573900003,33.75709808400006],[35.905288893000034,33.75338911700004],[35.90769097500004,33.74967999000006],[35.90906359300004,33.746826707000025],[35.90906359300004,33.74425867000008],[35.907004666000034,33.74254660300005],[35.902200503000074,33.74054914800007],[35.89911211200007,33.737980923000066],[35.89739633900007,33.73398575500005],[35.89465110300006,33.731988100000024],[35.88984693900005,33.73141733400007],[35.88572908500004,33.73027578800003],[35.88298384800004,33.72799265300006],[35.87989545800008,33.72485324200005],[35.87886599400008,33.721999132000064],[35.877493376000075,33.71914492700006],[35.87715022100008,33.71600519300006],[35.87852283900003,33.71315078900005],[35.88161123000003,33.710581744000024],[35.88538593000004,33.708869005000054],[35.887788012000044,33.706014364000055],[35.89019009400005,33.70315962800004],[35.89259217600005,33.70087577100003],[35.899455266000075,33.70258867000007],[35.902200503000074,33.70458700800003],[35.905975203000025,33.707441697000036],[35.90940674800004,33.708298085000024],[35.91626983900005,33.70801262300006],[35.91935823000006,33.706870767000055],[35.92484870200008,33.704301534000024],[35.92828024800008,33.70144674100004],[35.931711793000034,33.698877347000064],[35.93582964700005,33.69659337600007],[35.938918038000054,33.69516586300006],[35.94474182300007,33.68862590800006],[35.946379042000046,33.689040512000076],[35.94937757200006,33.68800094000005],[35.953625489000046,33.68737719100005],[35.95737365200006,33.68924842500007],[35.96112181500007,33.69174334000007],[35.96462010000005,33.69174334000007],[35.96736875200003,33.68924842500007],[35.969367772000055,33.68592175800006],[35.969585883000036,33.683925368000075],[35.975706769000055,33.68764279000004],[35.97861805300005,33.693294878000074],[35.972552878000045,33.69739913800004],[35.97681745400007,33.705914009000026],[35.977670369000066,33.708988617000045],[35.97568023400004,33.716556412000045],[35.975964539000074,33.72057653200005],[35.98250355600004,33.73050778700008],[35.98364077600007,33.73003489600006],[35.99302284300006,33.72979845000003],[35.994728674000044,33.73145356100002],[35.99728742000008,33.736891558000025],[36.00240491100004,33.74351126300007],[36.003826436000054,33.746348123000075],[36.00638518200003,33.75604002000006],[36.010900958000036,33.76151045200004],[36.01504145000007,33.767706246000046],[36.01442037600003,33.77252488600004],[36.01545550000003,33.77441784900003],[36.019388968000044,33.774762020000026],[36.02228731300005,33.773385329000064],[36.025599707000026,33.77063188100004],[36.03139639700004,33.766673644000036],[36.03532986500005,33.76805044300005],[36.03740011100007,33.77097606700005],[36.04526704800003,33.779236112000035],[36.04899349100003,33.783193769000036],[36.05292695900005,33.78990415900006],[36.053755058000036,33.795065640000075],[36.055411255000024,33.79799034100006],[36.05872364900006,33.802807278000046],[36.06389926500003,33.81312837200005],[36.06886785700004,33.81846045000003],[36.07338572700007,33.82258001200006],[36.077196997000044,33.820596902000034],[36.08095425600004,33.818195736000064],[36.083844455000076,33.81531424800005],[36.08904681300004,33.81363333500008],[36.09251505200007,33.81363333500008],[36.09771741000003,33.81483399100006],[36.10205270800003,33.81699512800003],[36.10465388700004,33.81891609300004],[36.11043428500005,33.81939632800004],[36.11274644400004,33.82251778700004],[36.11303546400006,33.82635942600007],[36.114769583000054,33.827559903000065],[36.117370762000064,33.82972071800003],[36.11419154300006,33.83260172100006],[36.11419154300006,33.83356203400007],[36.116503703000035,33.83356203400007],[36.12546331900006,33.83380211000008],[36.13008763700003,33.83332195700007],[36.13818019400003,33.832361641000034],[36.14078137300004,33.833081879000076],[36.141937453000025,33.83572269800004],[36.14338255200005,33.84004386200007],[36.147139811000045,33.844124761000046],[36.15031903000005,33.84460485400007],[36.156677467000065,33.846045117000074],[36.16332492500004,33.84652519900004],[36.166504144000044,33.84532498800007],[36.165637084000025,33.84076403500006],[36.167949243000066,33.835242555000036],[36.17459670100004,33.831641398000045],[36.18153317800005,33.831641398000045],[36.19251593400003,33.82876036300007],[36.19569515300003,33.829240542000036],[36.199741431000064,33.83260172100006],[36.203209670000035,33.832121561000065],[36.20725594900006,33.83044097800007],[36.21332536600005,33.83188148000005],[36.217082625000046,33.83260172100006],[36.22286302300006,33.83284180000004],[36.226620281000066,33.83188148000005],[36.23847009700006,33.83452233600008],[36.23962617600006,33.83716311000006],[36.24020421600005,33.842204362000075],[36.24136029600004,33.846045117000074],[36.24396147500005,33.84844550100007],[36.24714069400005,33.85012572900007],[36.24887481300004,33.85228597400004],[36.24945285300004,33.855406232000064],[36.252054032000046,33.85804636100005],[36.254944231000025,33.85708632400008],[36.26072462800005,33.85444616500007],[36.26650502600006,33.85252599800003],[36.28008896100005,33.85252599800003],[36.28211210000006,33.84940563500004],[36.28211210000006,33.84532498800007],[36.28326818000005,33.84268446600004],[36.28933759800003,33.84076403500006],[36.294828976000076,33.83812337200004],[36.29743015500003,33.83548262700003],[36.30147643300006,33.832121561000065],[36.30581173200005,33.832121561000065],[36.31043605000008,33.83284180000004],[36.31390428900005,33.83260172100006],[36.31997370600004,33.831161232000056],[36.32430900500003,33.83188148000005],[36.32604312400008,33.83356203400007],[36.328355283000064,33.83500248300004],[36.32951136300005,33.834282261000055],[36.33656899400006,33.83165171400003],[36.340934987000026,33.831322010000065],[36.34807933800005,33.82934376400004],[36.36276495000004,33.83033289300005],[36.369512393000036,33.832311117000074],[36.375466019000044,33.831322010000065],[36.383007279000026,33.82934376400004],[36.39015163100004,33.82967347500005],[36.393326898000055,33.83033289300005],[36.39491453200003,33.83165171400003],[36.39451762400006,33.83395960100006],[36.39451762400006,33.83956421200003],[36.393326898000055,33.84813525900006],[36.39213617300004,33.85110196000005],[36.38737327200005,33.85736465600007],[36.38062582900005,33.860001444000034],[36.36395567500006,33.867252189000055],[36.35323914800006,33.87219552600004],[36.34212571200004,33.874831855000025],[36.338156628000036,33.87417278000004],[36.33180609300007,33.874502318000054],[36.327440101000036,33.87878619600008],[36.32307410800007,33.88208134100006],[36.31513593900007,33.885046862000024],[36.277826548000064,33.90316725200006],[36.27941418200004,33.906461454000066],[36.28378017400007,33.912390698000024],[36.28735235000005,33.91667267300005],[36.29290906800003,33.923259907000045],[36.296084335000046,33.92918798300008],[36.30084723600004,33.936762145000046],[36.30719777100006,33.94466490000008],[36.311960672000055,33.95124996900006],[36.317120482000064,33.958163744000046],[36.32148647400004,33.961785020000036],[36.325058650000074,33.96474776800005],[36.343316437000055,33.97593944000005],[36.34649170500006,33.977256011000065],[36.356414415000074,33.97923082800003],[36.36117731600007,33.98252208900004],[36.369512393000036,33.990091505000066],[36.37110002700007,33.99634399200005],[36.37387838600006,34.00292506000005],[36.377450562000035,34.005886374000056],[36.38618254700003,34.01213769900005],[36.387770180000075,34.01674364300004],[36.390945448000025,34.02759952400004],[36.39412071500004,34.02858635300004],[36.40285270000004,34.02727057800007],[36.40761560100003,34.02759952400004],[36.40444033400007,34.03845401600006],[36.40523415100006,34.042071871000076],[36.408806327000036,34.04371630000003],[36.41356922800003,34.04437406300008],[36.41753831200003,34.042729647000044],[36.422301213000026,34.04568957200007],[36.42388884700006,34.04963597900007],[36.42785793100006,34.05391104600005],[36.43222392400003,34.05325335800006],[36.44174972600007,34.05029369600004],[36.45087861900004,34.04601844700005],[36.45722915400006,34.04174298200007],[36.463976597000055,34.04174298200007],[36.472311674000025,34.041414091000036],[36.48223438500003,34.03911181900003],[36.48580656000007,34.043387417000076],[36.48858491900006,34.04864939500004],[36.49374472900007,34.05029369600004],[36.50168289700008,34.04996483800005],[36.50168289700008,34.05423988900003],[36.500492172000065,34.05851472300003],[36.50207980600004,34.06213172300005],[36.50922415700006,34.06837890400004],[36.51319324100007,34.07265302500008],[36.51438396700007,34.07824193600004],[36.511605608000025,34.08284429100007],[36.50962106600008,34.086788968000064],[36.50949850000006,34.09617603400005],[36.510961663000046,34.09940701800008],[36.51291254800003,34.100080124000044],[36.51535115300004,34.10048398600003],[36.51746461100004,34.10209941100004],[36.51941549500003,34.10452249100007],[36.52055351100006,34.10627245000006],[36.52217924800004,34.10977225900007],[36.52380498500003,34.11152211000007],[36.52705645900005,34.114214117000074],[36.528682196000034,34.11529089600003],[36.53014535900007,34.116906038000025],[36.53209624300007,34.118655741000055],[36.53551029000005,34.119867053000064],[36.53811147000005,34.121347521000075],[36.540224927000054,34.12350088300008],[36.54103779600007,34.125654191000024],[36.54217581200004,34.12699998000005],[36.54573292400005,34.12860413300007],[36.54875029200008,34.129293156000074],[36.55103932900005,34.13015442600005],[36.55280813100006,34.13032667900006],[36.55478502700004,34.129637665000075],[36.55603359300005,34.12972379200005],[36.55769834800003,34.13006830000006],[36.55936310200008,34.130585058000065],[36.56092381000008,34.13161856600004],[36.56175618700007,34.132652061000044],[36.56342094100006,34.13325492700005],[36.56508569600004,34.13359942100004],[36.56664640300005,34.13420228000007],[36.56706259200007,34.13514962200003],[36.56716663900005,34.13601083300006],[36.568519252000044,34.137991585000066],[36.56914353500008,34.14152237500008],[36.570079960000044,34.14255574900005],[36.57184876100007,34.14324465800007],[36.57278518600003,34.14410578600007],[36.57309732700003,34.145914127000026],[36.57278518600003,34.146775228000024],[36.57122447900008,34.147894647000044],[36.569559724000044,34.15030565100005],[36.56872734700005,34.151683337000065],[36.569559724000044,34.15280269100003],[36.57080829000006,34.153835927000046],[36.572577092000074,34.157021658000076],[36.57455398800005,34.15736605500007],[36.57694707200005,34.15805484300006],[36.57861182700003,34.15934630600003],[36.58006848700006,34.159776789000034],[36.582045383000036,34.16037946200004],[36.582981808000056,34.16158479400008],[36.58371013800007,34.163220575000025],[36.58391823200003,34.16477023400006],[36.584750609000025,34.16631986300007],[36.585582987000066,34.16752511100003],[36.58900275000008,34.16958471600003],[36.58900275000008,34.17286858800003],[36.58939965800005,34.17648070000007],[36.59138420000005,34.17877923700007],[36.59495637600003,34.18042101000003],[36.600513094000064,34.18337612100004],[36.60249763600007,34.18567447000004],[36.605275995000056,34.19027097900005],[36.60686362900003,34.19289744300005],[36.60924507900006,34.194210644000066],[36.61480179700004,34.193882346000066],[36.621549240000036,34.195523825000066],[36.621549240000036,34.19815012600003],[36.62075542300005,34.202089423000075],[36.618373973000075,34.205700284000045],[36.61519870500007,34.208982750000075],[36.611229621000064,34.21226508900003],[36.606069812000044,34.21653193800006],[36.59965577200006,34.21923635200005],[36.59330523700004,34.22091672100004],[36.59025698000005,34.221126765000065],[36.58746274500004,34.22343721200008],[36.58619263800006,34.226167658000065],[36.584922531000075,34.22868799100007],[36.58339840300005,34.23498849500004],[36.58416046700006,34.240868539000076],[36.58416046700006,34.24632821300003],[36.583652424000036,34.25115762900003],[36.582382317000054,34.253887177000024],[36.58111221000007,34.25724649800003],[36.58035014600006,34.26060568500003],[36.58009612500007,34.26354486400004],[36.579080039000075,34.267533585000024],[36.57806395400007,34.26942291300003],[36.575015697000026,34.27215186800004],[36.57476167600004,34.274251004000064],[36.576539825000054,34.275720368000066],[36.580858189000026,34.27739960900004],[36.584922531000075,34.27907881700003],[36.58822480900005,34.28180745800006],[36.592543173000024,34.283486578000065],[36.59686153600006,34.28558543100007],[36.59990979300005,34.288733611000055],[36.59863968600007,34.289573106000034],[36.59305121600005,34.28999285100008],[36.58702808600003,34.29421909300004],[36.57951356900003,34.29517418800003],[36.572577092000074,34.29971074400004],[36.57142101200003,34.302575811000054],[36.566507674000036,34.30329206300007],[36.56130531600007,34.30567952400003],[36.55841511700004,34.30782818100005],[36.55668099800005,34.31021551300006],[36.55725903700005,34.31260277700005],[36.55928217700006,34.31570611800004],[36.56014923600003,34.318570640000075],[36.56072727600008,34.32071896600007],[36.562172375000046,34.32406069900003],[36.56246139500007,34.32668625300005],[36.56159433600004,34.329311724000036],[36.559571196000036,34.330982436000056],[36.55465785800004,34.332175781000046],[36.55234569900006,34.333369109000046],[36.54858844100005,34.33694899200003],[36.54524737100007,34.34254284900004],[36.54413753400007,34.345139189000065],[36.543767589000026,34.34666641000007],[36.54043808000006,34.35323314300007],[36.538218407000045,34.35552374300005],[36.53729354300003,34.356745371000045],[36.53581376100004,34.35918857300004],[36.53488889800008,34.36163170300006],[36.53340911600003,34.36453282900004],[36.53063452500004,34.36697580300006],[36.52989463400007,34.36911334800004],[36.53063452500004,34.37033477800003],[36.53285419800005,34.37323560100003],[36.53710857000004,34.37476231100004],[36.53914327100006,34.377052322000054],[36.54043808000006,34.379647592000026],[36.54284272500007,34.38041089200004],[36.54543234300007,34.38178481400007],[36.54709709800005,34.383006059000024],[36.549316771000065,34.38407463300007],[36.550981525000054,34.38514319400008],[36.552091362000056,34.38636439000004],[36.55676747200005,34.392427363000024],[36.558069680000074,34.39369729600003],[36.55913512300003,34.39477183900004],[36.560910861000025,34.39701856800008],[36.56031894900008,34.399753633000046],[36.56031894900008,34.401218810000046],[36.56043733100006,34.402976989000024],[36.559371888000044,34.40473513100005],[36.55842482800006,34.405809532000035],[36.557951298000035,34.407958294000025],[36.55747776800007,34.40971633100003],[36.55676747200005,34.41059533600003],[36.55546526400008,34.41254864700005],[36.55487335200007,34.41440424900003],[36.55487335200007,34.41645513100008],[36.555228499000066,34.418603619000066],[36.55392629100004,34.42026377700006],[36.55144025800007,34.42290043100007],[36.550138050000044,34.42377929700007],[36.548835842000074,34.42377929700007],[36.546823338000024,34.42299808300004],[36.54492921800005,34.42241216800005],[36.542206419000024,34.42172859500005],[36.54054906300007,34.42211920900007],[36.53912847300006,34.42309573500006],[36.53853656000007,34.42387694800004],[36.537826265000035,34.42485345400007],[36.536287292000054,34.42582994900005],[36.53427478800006,34.42602524600005],[36.53356449300003,34.42543935200007],[36.531788755000036,34.42495110400006],[36.531788755000036,34.42582994900005],[36.53226228500006,34.42709937400008],[36.533327728000074,34.428271135000045],[36.53391964100007,34.42983345700003],[36.532972580000035,34.43061460700005],[36.53107845900007,34.43100517900007],[36.530249782000055,34.431981601000075],[36.52965786900006,34.433055653000054],[36.52811889600008,34.43237216700004],[36.526935070000036,34.43090753600006],[36.52681668800005,34.42885700900007],[36.52657992300004,34.426806432000035],[36.52421227200006,34.426806432000035],[36.52326521100008,34.427978196000026],[36.52326521100008,34.42895465400005],[36.52255491600005,34.430419320000055],[36.522199768000064,34.431395749000046],[36.522199768000064,34.43286037200005],[36.52172623800004,34.434324969000045],[36.520660795000026,34.435398991000056],[36.519240205000074,34.43569190300008],[36.51829314400004,34.43618008900006],[36.517227701000024,34.43666827100003],[36.515925493000054,34.43588717800003],[36.516043876000026,34.43461788500008],[36.51521519800008,34.43325093400006],[36.51462328500003,34.43481316200007],[36.51332107700006,34.43510607700006],[36.512965930000064,34.43569190300008],[36.51379460800007,34.43618008900006],[36.514268138000034,34.43725408600005],[36.513084312000046,34.43832807000007],[36.51190048700005,34.43920677400007],[36.51249239900005,34.440280733000066],[36.51249239900005,34.44115941600006],[36.511190191000026,34.44086652300007],[36.51071666100006,34.43969493900005],[36.50929607100005,34.43920677400007],[36.50917768800008,34.43998783700005],[36.50941445300003,34.44115941600006],[36.50976960100007,34.44174520000007],[36.511545339000065,34.442428609000046],[36.51249239900005,34.443112013000075],[36.51272916500005,34.44408829400004],[36.51213725200006,34.44506456400006],[36.51083504400003,34.44604082200004],[36.50976960100007,34.44721231700004],[36.50870415800006,34.448188550000054],[36.50681003700004,34.44887190700007],[36.505034299000044,34.44857904000003],[36.50266664800006,34.448188550000054],[36.49935193700003,34.448188550000054],[36.49674752100003,34.44857904000003],[36.49686590300007,34.449360015000025],[36.49615560800004,34.45023860300006],[36.49461663500006,34.45180051400007],[36.49449825200003,34.45297192800007],[36.49520854800005,34.45404571000006],[36.49591884300003,34.45433855700003],[36.49819178800004,34.454600166000034],[36.49864637700006,34.45578716000006],[36.49796449300004,34.45616199600005],[36.49796449300004,34.456599303000075],[36.49940402500005,34.45684919200005],[36.500161673000036,34.457411439000055],[36.500085908000074,34.457973682000045],[36.50046473300006,34.458598392000056],[36.50091932200007,34.458410979000064],[36.50281344200005,34.45803615300008],[36.50349532600006,34.45803615300008],[36.50311650200007,34.45909815600004],[36.50205579400006,34.45966038800003],[36.50213155900008,34.460472494000044],[36.50311650200007,34.461534466000046],[36.50281344200005,34.46253395800005],[36.501752735000025,34.46228408600007],[36.50061626200005,34.461409529000036],[36.49932826000003,34.46065990200003],[36.49705531500007,34.46003520700003],[36.495009665000055,34.45934803800003],[36.49319130900005,34.45872333300008],[36.492357896000044,34.45853592100008],[36.49031224500004,34.45834850800003],[36.48872118400004,34.45784873900004],[36.48697859300006,34.45747391000003],[36.485690591000036,34.45791121000008],[36.48372070500005,34.45791121000008],[36.483114586000056,34.458410979000064],[36.48182658400003,34.45878580400006],[36.48106893600004,34.459535448000054],[36.48015975800007,34.46022261600007],[36.47690187000006,34.459847798000055],[36.47538657400003,34.46016014600008],[36.47379551200004,34.46072237100003],[36.470992214000034,34.46009767700008],[36.47046186000006,34.46022261600007],[36.46977997600004,34.46097224700003],[36.46879503400004,34.46097224700003],[36.468416209000054,34.46215915000005],[36.46743126700005,34.46253395800005],[36.46584020500006,34.46234655400008],[36.46459926000006,34.46280627800007],[36.46293450500008,34.46417884600004],[36.46163969600008,34.465856399000074],[36.460899805000054,34.467991418000054],[36.45405581400007,34.47637846200007],[36.45294597800006,34.47912313000006],[36.45202111400005,34.48080038300003],[36.45035636000006,34.483849846000055],[36.44887657800007,34.48689919800006],[36.44832166000003,34.489948439000045],[36.44610198700008,34.49467454200004],[36.444807178000076,34.497266162000074],[36.44314242300004,34.49924793500003],[36.43999788700006,34.501991850000024],[36.438333132000025,34.50244916100007],[36.43592848700007,34.50214428700008],[36.43426373200003,34.500619904000075],[36.432414005000055,34.49894305000004],[36.42871455000005,34.49802838800008],[36.42538504100003,34.497875943000054],[36.41928094100007,34.49802838800008],[36.41465662300004,34.49924793500003],[36.41151208600007,34.49940037700003],[36.41003230500007,34.49909549200004],[36.40781263200006,34.49894305000004],[36.40651782300006,34.500010143000054],[36.40522301400006,34.501534537000055],[36.403003341000044,34.501229660000035],[36.401338586000065,34.500162583000076],[36.39800907700004,34.49985770200004],[36.39393967700005,34.49924793500003],[36.391904977000024,34.49802838800008],[36.38820552200008,34.49741860800003],[36.38654076800003,34.49833327600004],[36.38635579500004,34.49985770200004],[36.384506068000064,34.50214428700008],[36.38228639500005,34.50290646800005],[36.38025169500003,34.50244916100007],[36.37803202200007,34.500619904000075],[36.37581234900006,34.49924793500003],[36.375072458000034,34.500619904000075],[36.37414759500007,34.503058904000056],[36.373037758000066,34.503516208000065],[36.36970824900004,34.503363774000036],[36.364898958000026,34.50290646800005],[36.360829558000034,34.503516208000065],[36.35842491300008,34.50504053900005],[36.35694513100003,34.50641241300008],[36.35398556700005,34.50717455500006],[36.35121097600006,34.508089116000065],[36.34766655400006,34.50923152300004],[36.34513650100007,34.50806768100006],[36.34204760100005,34.505522245000066],[36.34025929000006,34.50471840700004],[36.33749553700005,34.50404853600003],[36.33586980000007,34.50538827300005],[36.335544653000056,34.50793371300006],[36.33619494800007,34.51061304000007],[36.33603237400007,34.51530165400004],[36.33375634200007,34.51717702600007],[36.33440663700003,34.51905235500004],[36.334081490000074,34.52012395300005],[36.332618327000034,34.521865270000035],[36.33245575300003,34.52280288800006],[36.329692,34.52199921600004],[36.329041705000066,34.520391851000056],[36.32839141100004,34.51878445400007],[36.32676567400006,34.51838259900006],[36.323839347000046,34.517444932000046],[36.32302647900008,34.51597143400005],[36.32172588900005,34.51476582500004],[36.31782412100006,34.514497910000046],[36.31506036800005,34.514497910000046],[36.31327205800005,34.51382811800005],[36.31148374700007,34.512488517000065],[36.30969543600003,34.51061304000007],[36.30790712600003,34.50806768100006],[36.30644396300005,34.506192104000036],[36.30546852000003,34.50324468400004],[36.304655652000065,34.50029716000006],[36.30254219400007,34.49681358700008],[36.30010358900006,34.49627764000007],[36.29733983600005,34.49641162700004],[36.29603924600008,34.49614365300005],[36.29457608300004,34.494803768000054],[36.29278777300004,34.491855945000054],[36.29164975700007,34.48957801000006],[36.29067431500005,34.48730001300004],[36.287747988000035,34.481403733000036],[36.28526521200007,34.477810359000046],[36.28293641800008,34.475342097000066],[36.27994225500004,34.47287376300005],[36.27495198300005,34.47067962700004],[36.270294396000054,34.46821115400007],[36.26730023300007,34.46546832200005],[36.26497143900008,34.46327399100005],[36.260313852000024,34.45943377300006],[36.25532358000004,34.458885156000065],[36.25033330800005,34.45915946500003],[36.245343036000065,34.45915946500003],[36.24301424300006,34.45806222300007],[36.242016188000036,34.45669065200008],[36.24068544900007,34.453124460000026],[36.24135081900005,34.45010679300003],[36.24334692700006,34.44708901800004],[36.24367961200005,34.442973695000035],[36.24268155800007,34.440504403000034],[36.24268155800007,34.43776066000004],[36.24401229700004,34.43611437200008],[36.24833719900005,34.432821696000076],[36.24866988400004,34.43144971000004],[36.24833719900005,34.428705670000056],[36.24733914500007,34.425687122000056],[36.245675721000055,34.42239403600007],[36.245010351000076,34.420473009000034],[36.24168350300005,34.41882638000004],[36.23702591600005,34.41772860900005],[36.23369906800008,34.42019857300005],[36.23236832900005,34.42266846500007],[36.232035644000064,34.425138283000024],[36.23037222000005,34.424040595000065],[36.229041481000024,34.42129631200004],[36.22504926400006,34.41937526000004],[36.22338584000005,34.41827749600003],[36.21939362200004,34.41772860900005],[36.21773019800003,34.41964969900005],[36.21273992600004,34.420473009000034],[36.207749654000054,34.41910082000004],[36.20142864300004,34.41745416400005],[36.19843448000006,34.41717971800006],[36.19410957800005,34.41635637500008],[36.18878662100008,34.41498411800006],[36.18545977300005,34.413611839000055],[36.18013681600007,34.41278846100005],[36.17647728400004,34.413611839000055],[36.17381580500006,34.415807475000065],[36.16982358800004,34.41745416400005],[36.165831370000035,34.41772860900005],[36.161839153000074,34.41882638000004],[36.158512305000045,34.42019857300005],[36.15352203300006,34.41992413600008],[36.151858609000044,34.41992413600008],[36.143392024000036,34.42026950300004],[36.14376375200004,34.418429623000065],[36.14424825900005,34.41603147500007],[36.14618628900007,34.412633982000045],[36.14909333300005,34.40903648600005],[36.151273616000026,34.406438198000046],[36.154907421000075,34.40164114700008],[36.15708770400005,34.399642295000035],[36.16047925600003,34.39804317900007],[36.16314404600007,34.39584434400007],[36.169442642000035,34.39124659300006],[36.17671025200008,34.39124659300006],[36.18285743900003,34.38809798800003],[36.18210039600007,34.38278757200004],[36.18323596000005,34.37747681900004],[36.18437152400003,34.373415428000044],[36.18588561000007,34.368728963000024],[36.18588561000007,34.36497960200006],[36.185507088000065,34.36029266500003],[36.18399300300007,34.35560546500005],[36.18323596000005,34.35123050900006],[36.18210039600007,34.346542803000034],[36.180207789000065,34.34466764700005],[36.17566553300003,34.34310498600007],[36.17036623400003,34.342479913000034],[36.16430989200006,34.33997957400004],[36.163174328000025,34.338104272000066],[36.162038764000044,34.33466610800008],[36.157496507000076,34.32747676500003],[36.15522537900006,34.32435077200006],[36.15295425100004,34.319974185000035],[36.149169037000036,34.31372152300003],[36.14651938800006,34.31215828400008],[36.144626781000056,34.310595017000026],[36.14311269500007,34.309031720000064],[36.139715815000045,34.301852919000055],[36.14018752800007,34.301604945000065],[36.14071673900003,34.298981871000024],[36.137365068000065,34.297670304000064],[36.137188664000064,34.29621298200004],[36.13771787500008,34.29256956800003],[36.138247087000025,34.29067493100007],[36.13809809500003,34.28747437900006],[36.13807068300008,34.28688552700004],[36.132778571000074,34.28557377100003],[36.13013251500007,34.28455350100006],[36.13013251500007,34.28309595200005],[36.12748645800008,34.28061806100004],[36.12395838400005,34.278577390000066],[36.123429172000044,34.27609936600004],[36.12219434600007,34.27376704100004],[36.11813706000004,34.271871979000025],[36.11355056300005,34.27070576600005],[36.111080910000055,34.26953953700007],[36.109669680000025,34.26749859700004],[36.10808204700004,34.26385393800007],[36.10596520200005,34.26210444600002],[36.104201164000074,34.26035491700003],[36.10155510800007,34.257876356000054],[36.09996747500003,34.25627254200003],[36.09908545600007,34.25568932900006],[36.09679220700008,34.25233577800003],[36.095028170000035,34.24956535200005],[36.09255851700004,34.247815563000074],[36.08903044300007,34.24664901600005],[36.087090001000035,34.24562827500006],[36.086031579000064,34.243586755000024],[36.083914734000075,34.239357734000066],[36.08320911900006,34.23746189700006],[36.08179788900003,34.23498266100006],[36.07844621800007,34.231482440000036],[36.07527095100005,34.228857178000055],[36.073683317000075,34.22725281100003],[36.07103726100007,34.224919132000025],[36.06856760800008,34.22214780400003],[36.06627436000008,34.219230518000074],[36.06309909200007,34.214854399000046],[36.06080584400007,34.21222861900003],[36.057630576000065,34.21076981700003],[36.05569013500008,34.20931099000006],[36.053220483000075,34.20741447700004],[36.049692408000055,34.20639326000003],[36.045987929000034,34.20493435700007],[36.04404748800005,34.203767216000074],[36.042812662000074,34.20187057800007],[36.04104862500003,34.19924439300007],[36.03875537600004,34.19690993800003],[36.03610932000004,34.19472132800007],[36.03522730100008,34.192970399000046],[36.03293405200003,34.189614350000056],[36.03169922600006,34.18815515700004],[36.02870036300004,34.185090768000066],[36.023951743000055,34.18177753400005],[36.02419825700008,34.181414990000064],[36.022346441000025,34.17767016800008],[36.02090614000008,34.174776328000064],[36.01864280900003,34.17171215400003],[36.01617372100003,34.17103121200006],[36.01226433200003,34.170690738000076],[36.00856070000003,34.16983954900007],[36.007531914000026,34.16894845100006],[36.03415578600004,34.163129482000045],[36.01683758000007,34.13533395600007],[36.01689800100007,34.13507389600005],[36.01689800100007,34.13014027000003],[36.01664965300006,34.12602869500006],[36.012676087000045,34.12150573200006],[36.009944260000054,34.11862735700004],[36.008454173000075,34.11554327400006],[36.00634224600003,34.108945048000066],[36.00590569700006,34.099185317000035],[36.00525087400007,34.09484729700006],[36.00372295200003,34.09303972300006],[35.998484365000024,34.09087058400007],[35.993464051000046,34.09050905500004],[35.98953511000008,34.08870138900005],[35.98669754200006,34.08544749200007],[35.98495134600006,34.08128955300003],[35.98189550300003,34.072973062000074],[35.97905793500007,34.06501739300006],[35.97709346400006,34.05850765500003],[35.974474170000065,34.05018892700008],[35.972727974000065,34.047476122000035],[35.96989040600005,34.04440150500005],[35.96423333400003,34.04313545400004],[35.96423333400003,34.04266871600004],[35.957578786000056,34.03357742000003],[35.94888965600006,34.023814370000025],[35.94467435900003,34.01682676400003],[35.94298824100008,34.01519624000008],[35.93287153000006,34.01356568500006],[35.92837521400003,34.01216804100005],[35.92415991800004,34.01030448000006],[35.91910156200004,34.006810193000035],[35.913200147000055,34.00052011400004],[35.91095198900007,33.99702542500006],[35.90757975200006,33.99213261800003],[35.90589363400005,33.987006518000044],[35.90645567300004,33.979782853000074],[35.90589363400005,33.97418991600006],[35.90308343600003,33.968596611000066],[35.897744061000026,33.96486753700003],[35.88425511300005,33.955077939000034],[35.88049906500004,33.951969467000026],[35.883278063000034,33.95109129300005],[35.885349966000035,33.94879969700003],[35.886846340000034,33.94612609100005],[35.889148454000065,33.94307043900005],[35.89156567300006,33.941447079000056],[35.89559437200006,33.93982368800005],[35.90111944500006,33.93829576300004],[35.90468772200006,33.937627287000055],[35.90874908600006,33.93607028400004],[35.90800971200008,33.93585377900007],[35.90531839100004,33.93173142200004],[35.90242004600003,33.928124196000056],[35.90078869200005,33.923630410000044],[35.89880125600007,33.92231108800007],[35.893368929000076,33.920881800000075],[35.88568417400006,33.92066190700007],[35.88343174600004,33.91846294900006],[35.877071949000026,33.916593791000025],[35.875746992000074,33.917253499000026],[35.87402454700003,33.91890274600007],[35.868327229000045,33.920112173000064],[35.86673727900006,33.91879279700004],[35.866074801000025,33.91703359700006],[35.86382237300006,33.91439472800005],[35.86276240600006,33.91263543700006],[35.86090746600007,33.910986069000046],[35.85905252500004,33.90889682400007],[35.85812505400003,33.906477633000065],[35.86011249100005,33.905158046000054],[35.86302739800004,33.904058374000044],[35.86382237300006,33.90174901700004],[35.863159894000034,33.89888972700004],[35.86130495300006,33.89713011600003],[35.85918502100003,33.89581038400007],[35.851367770000024,33.89372076700005],[35.84885035100007,33.893280841000035],[35.848452863000034,33.89053125200007],[35.849380334000045,33.88877146800007],[35.849380334000045,33.88580175200008],[35.84739289700008,33.883491900000024],[35.84341802400007,33.88261194100005],[35.841427063000026,33.88175245000008],[35.84010563000004,33.88118198700005],[35.83626325200004,33.87689198100003],[35.83308335400005,33.873921851000034],[35.82910848100005,33.87227173400004],[35.82712104400008,33.86743120600005],[35.82561390500007,33.862824199000045],[35.823129609000034,33.86127701400005],[35.82043828900004,33.85904214200008],[35.81691887000005,33.85491607100005],[35.814434574000074,33.85216524600003],[35.81174325400008,33.85027400200005],[35.806981687000075,33.84786690400006],[35.80304821900006,33.84614750700007],[35.800977973000045,33.843396400000074],[35.800149874000056,33.839269572000035],[35.800770948000036,33.83634628300007],[35.80222012100006,33.83325092500007],[35.80325524400007,33.828435703000025],[35.802427145000024,33.82809174800008],[35.79683748000008,33.82482410800003],[35.79518128300003,33.82276027100005],[35.793525086000045,33.819148436000035],[35.793318061000036,33.81450442400006],[35.792075913000076,33.81192430900006],[35.78876351900004,33.81192430900006],[35.78503707600004,33.81312837200005],[35.78131063200004,33.81398840800006],[35.77696311500006,33.814160413000025],[35.771994523000046,33.812784356000066],[35.77033832600006,33.81072022800004],[35.76971725200008,33.80865605100007]]]}},{"type":"Feature","properties":{"region_id":"west-bekaa","name_ar":"البقاع الغربي","name_en":"West Bekaa","area_km2":974.39,"source_districts":["Rachaya","West Bekaa"],"label_lng":35.81305894711726,"label_lat":33.587440063177105,"page":"west_bikaa.html"},"geometry":{"type":"Polygon","coordinates":[[[35.61502147300007,33.43669751200002],[35.61758021900005,33.43349456200008],[35.62077865100008,33.434829139000044],[35.62349731900008,33.438432394000074],[35.62477669100008,33.441902054000025],[35.625256456000045,33.445104694000065],[35.62813504500008,33.45097589400007],[35.63213308500008,33.45217677200003],[35.635331517000054,33.45137618800004],[35.63693073400003,33.44950813100007],[35.63900971400005,33.44630565400007],[35.63821010600003,33.44350338900006],[35.63453190900003,33.43949999700004],[35.633732301000066,33.437231326000074],[35.63357238000003,33.43469568200004],[35.63592926800004,33.42846919100003],[35.637530440000035,33.42975763700008],[35.64072887200007,33.43025812700006],[35.64472691200007,33.43242688500004],[35.64892485400003,33.436597422000034],[35.652722992000065,33.43826558000006],[35.65452211000007,33.43509605200006],[35.65572152200008,33.43175958100005],[35.65792044400007,33.42742197700005],[35.65971956200008,33.425920449000046],[35.66471711300005,33.42692147100007],[35.667715643000065,33.428756648000046],[35.669714663000036,33.43226006000003],[35.671313879000024,33.43709787300003],[35.67211348700005,33.44060094800005],[35.67431240900004,33.44293625300003],[35.67871025300008,33.445605096000065],[35.682708293000076,33.44860744600004],[35.68710613700006,33.451776481000024],[35.68810564800003,33.45594608700003],[35.68830555000005,33.46245027200007],[35.68970486400008,33.46561880100006],[35.69330310000004,33.46845370200003],[35.69630163000005,33.46928747900006],[35.698900356000024,33.467286401000024],[35.69989986600007,33.46361763800007],[35.70329820000006,33.46295057400005],[35.711694084000044,33.46511851500003],[35.71769114500006,33.46795343200006],[35.722888597000065,33.47045475300007],[35.72788614700005,33.47262250600005],[35.733083599000054,33.474123227000064],[35.73828105100006,33.47712458900003],[35.74107968000004,33.47945891100005],[35.74547752400008,33.48229335900004],[35.74847605400004,33.48246008900003],[35.75207429000005,33.48012584800006],[35.75547262400005,33.476957850000076],[35.75847115400006,33.474123227000064],[35.760470174000034,33.47162201200007],[35.761069880000036,33.468286946000035],[35.761069880000036,33.465785562000065],[35.76226929200004,33.46278380700005],[35.763068900000064,33.45828097900005],[35.761469684000076,33.45527896300007],[35.75927076200003,33.45327756200004],[35.75767154600004,33.45010858200004],[35.75807135000008,33.44543829600008],[35.76206939000008,33.440100517000076],[35.76586752900005,33.43743150500006],[35.769065961000024,33.433761479000054],[35.771664687000055,33.430091298000036],[35.776262433000056,33.42241678100004],[35.77906106100005,33.41624330700006],[35.77926096300007,33.412739249000026],[35.781659787000024,33.410569999000074],[35.79085528000007,33.41023626400005],[35.79325410400003,33.40790007900006],[35.79365390800007,33.40389504400002],[35.79165488800004,33.40189245800008],[35.78945596500006,33.40039048800003],[35.78485821900006,33.39705268300003],[35.78185968900004,33.39237954200007],[35.780260473000055,33.385703189000026],[35.77866125700007,33.381697132000056],[35.776262433000056,33.37936018000005],[35.77506302100005,33.37735702800006],[35.77286409900006,33.37468608700004],[35.77046527500005,33.37118035300006],[35.76966566700003,33.368008376000034],[35.76966566700003,33.36450237300005],[35.774063511000065,33.36133015300004],[35.776462335000076,33.35865872000005],[35.77866125700007,33.35698903300005],[35.78145988500006,33.35415049100004],[35.784058611000034,33.35281467400006],[35.78785674900007,33.35214675800006],[35.79185479000006,33.35131185600005],[35.795453026000075,33.34964202800006],[35.79805877600006,33.34808725400006],[35.80744714600007,33.35432790200008],[35.80978974800007,33.35628462400007],[35.815255818000026,33.357915191000075],[35.81916015400003,33.36052403600007],[35.82228362300003,33.36476324100005],[35.823064491000025,33.368024028000036],[35.821893190000026,33.37584941700004],[35.82345492400003,33.37943581900004],[35.82384535800003,33.384326128000055],[35.82462622500003,33.389868146000026],[35.826578393000034,33.39508384000004],[35.83360619800004,33.401928964000035],[35.841024437000044,33.404862423000054],[35.84727137400006,33.40681800800007],[35.85351831200006,33.410403131000066],[35.863279152000075,33.41789882200004],[35.869916524000075,33.421483488000035],[35.881629532000034,33.425393865000046],[35.89763731000005,33.43288826100007],[35.91091205300006,33.442662588000076],[35.91559725600007,33.447549338000044],[35.920672893000074,33.45341307500007],[35.93121460000003,33.458624953000026],[35.946441511000046,33.46741928700004],[35.956592785000055,33.478166705000035],[35.95713217000008,33.493092759000035],[35.957439220000026,33.49983553200008],[35.959588566000036,33.50137178600005],[35.96050971500006,33.50350542800004],[35.960100315000034,33.50512696000004],[35.95846271800008,33.50691914500004],[35.95346931600005,33.509424341000056],[35.947612812000045,33.51267969600008],[35.946698885000046,33.52299914200006],[35.948937787000034,33.527931876000025],[35.95485488700007,33.53086471900008],[35.96301088900003,33.533264244000065],[35.97132681200003,33.53619690600004],[35.98987771800006,33.53752990100003],[35.998513485000046,33.53832968900008],[36.00714925200003,33.54086230000007],[36.012266743000055,33.54366141600008],[36.01754415600004,33.544861009000044],[36.021382275000065,33.54459443400003],[36.026819610000075,33.54459443400003],[36.031137493000074,33.54512758300007],[36.03465576800005,33.54899281400003],[36.038295584000025,33.55333232900006],[36.041366079000056,33.55520880800003],[36.04525537200004,33.55810874200006],[36.04883761600007,33.56058213800003],[36.05129401200003,33.56433474100004],[36.05293160900004,33.56672267600004],[36.05589975400005,33.57047501300008],[36.06142664500004,33.57584739200007],[36.06856914400004,33.57981683600008],[36.068819021000024,33.58439660800008],[36.06632024600003,33.58606191900003],[36.06457110400004,33.58855982600005],[36.062072329000046,33.592722844000036],[36.059573553000064,33.59480427700004],[36.05582539100004,33.596261250000055],[36.05257698300005,33.59979951200006],[36.048329066000065,33.60229702100003],[36.04458090300005,33.60583503500004],[36.039833230000056,33.60708371100003],[36.03583519000006,33.60874858500006],[36.03433592500005,33.61145393600003],[36.03383617000003,33.61311872500005],[36.03033788500005,33.61582393800006],[36.02633984500005,33.617696729000045],[36.02334131500004,33.620401799000035],[36.021092417000034,33.62352292700007],[36.01534523400005,33.62435520900004],[36.00834866400004,33.62601974900008],[36.003351114000054,33.62664394300003],[35.99785380900005,33.62789231800008],[35.992856258000074,33.62976484600006],[35.98860834100003,33.63330173300005],[35.98511005600005,33.63621435400006],[35.97911299500004,33.64016703900006],[35.97311593500007,33.64037507000006],[35.968868017000034,33.63954294300004],[35.964869977000035,33.63871080800004],[35.957123774000024,33.639126876000034],[35.951126714000054,33.639126876000034],[35.94787830700005,33.64141521800008],[35.94512965400003,33.642247327000064],[35.94013210400004,33.64495162600008],[35.93913259400006,33.64931993000005],[35.939882226000066,33.65410400800005],[35.942630879000035,33.65722391500003],[35.94737855200003,33.66159159600005],[35.94887781700004,33.66491920400006],[35.95062695900003,33.67136607800006],[35.95237610200007,33.67552509500007],[35.954874877000066,33.67718864600005],[35.95837316200004,33.67739658700003],[35.964869977000035,33.67781246900006],[35.96911789500007,33.67989184700008],[35.96961765000003,33.68363460000006],[35.969367772000055,33.68592175800006],[35.96736875200003,33.68924842500007],[35.96462010000005,33.69174334000007],[35.96112181500007,33.69174334000007],[35.95737365200006,33.68924842500007],[35.953625489000046,33.68737719100005],[35.94937757200006,33.68800094000005],[35.946379042000046,33.689040512000076],[35.94474182300007,33.68862590800006],[35.938918038000054,33.69516586300006],[35.93582964700005,33.69659337600007],[35.931711793000034,33.698877347000064],[35.92828024800008,33.70144674100004],[35.92484870200008,33.704301534000024],[35.91935823000006,33.706870767000055],[35.91626983900005,33.70801262300006],[35.90940674800004,33.708298085000024],[35.905975203000025,33.707441697000036],[35.902200503000074,33.70458700800003],[35.899455266000075,33.70258867000007],[35.89259217600005,33.70087577100003],[35.89019009400005,33.70315962800004],[35.887788012000044,33.706014364000055],[35.88538593000004,33.708869005000054],[35.88161123000003,33.710581744000024],[35.87852283900003,33.71315078900005],[35.87715022100008,33.71600519300006],[35.877493376000075,33.71914492700006],[35.87886599400008,33.721999132000064],[35.87989545800008,33.72485324200005],[35.88298384800004,33.72799265300006],[35.88572908500004,33.73027578800003],[35.88984693900005,33.73141733400007],[35.89465110300006,33.731988100000024],[35.89739633900007,33.73398575500005],[35.89911211200007,33.737980923000066],[35.902200503000074,33.74054914800007],[35.907004666000034,33.74254660300005],[35.90906359300004,33.74425867000008],[35.90906359300004,33.746826707000025],[35.90769097500004,33.74967999000006],[35.905288893000034,33.75338911700004],[35.90494573900003,33.75709808400006],[35.90479942400003,33.76078215000007],[35.90383989400004,33.76304232500007],[35.90000177600007,33.76463770700008],[35.89504420600008,33.76596716900008],[35.89456444100006,33.768360149000046],[35.89472436300008,33.77048718700007],[35.89600373600007,33.772880041000064],[35.89664342200007,33.77527282700004],[35.896803344000034,33.77819725400008],[35.89136600900008,33.77965943000004],[35.888007655000024,33.77886188300005],[35.88496914500007,33.777133838000054],[35.88017149700005,33.77434230700004],[35.87681314300005,33.772880041000064],[35.87409447600004,33.771018938000054],[35.87041627900004,33.76862603200004],[35.86705792500004,33.76649894900004],[35.86305988500004,33.763441174000036],[35.860501139000064,33.75945260800006],[35.859221766000076,33.75626162100008],[35.85842215800005,33.75213975400004],[35.855863412000076,33.74908146700005],[35.85186537200008,33.74549116500003],[35.847707411000044,33.74349648700007],[35.84115062500007,33.74136878000007],[35.83955140900008,33.73870907200006],[35.832834701000024,33.73418737900005],[35.832514858000025,33.73086245300004],[35.832195015000025,33.72660636000006],[35.831875172000025,33.72314812800005],[35.831235485000036,33.719955791000075],[35.82963626900005,33.71716239800003],[35.829476347000025,33.715034038000056],[35.82867673900006,33.71051109800004],[35.82803705300006,33.71476799000004],[35.82691760200004,33.718625615000064],[35.825478307000026,33.72128594600008],[35.82355924800004,33.72221704200007],[35.82307948300007,33.72381318400005],[35.82068065900006,33.73139445000004],[35.81988105100004,33.733921390000035],[35.81860167800005,33.74017192200006],[35.81828183500005,33.742698603000065],[35.81812191300003,33.74469329900006],[35.81556316800004,33.74987929200006],[35.81460363800005,33.752272721000054],[35.81076551900003,33.75307051600004],[35.809006382000064,33.751607886000045],[35.80484842000004,33.74974632100003],[35.800210693000054,33.74987929200006],[35.797971791000066,33.75147491900003],[35.794133672000044,33.75307051600004],[35.791894770000056,33.752006788000074],[35.787736808000034,33.74775174300004],[35.78469829800008,33.74469329900006],[35.779420885000036,33.74216667700006],[35.77494308000007,33.74083684500005],[35.77197791900005,33.73812452800007],[35.77014543200005,33.736448256000074],[35.76454817500007,33.73086245300004],[35.76406841000005,33.72873443300006],[35.76134974300004,33.72527628700004],[35.75879099700006,33.723547162000045],[35.75575248700005,33.72248306800003],[35.752873898000075,33.72261608000008],[35.751114760000064,33.723547162000045],[35.74999530900004,33.724877261000074],[35.74855601500008,33.72660636000006],[35.744717896000054,33.72806941600004],[35.741359542000055,33.72780340700007],[35.73976032600007,33.72314812800005],[35.742299881000065,33.720434649000026],[35.74485862700004,33.71668884300004],[35.74557507600008,33.71413479000006],[35.747417373000076,33.71217663200002],[35.748543221000034,33.71064412900006],[35.75007846800003,33.70800475400006],[35.751613716000065,33.71175094000006],[35.75181841500006,33.71243204700005],[35.75642415800007,33.712517185000024],[35.759904052000024,33.71166580100004],[35.76164399900006,33.70919674000004],[35.761336949000054,33.706046456000024],[35.76031345100006,33.704002967000065],[35.75898290300006,33.701789132000044],[35.756526508000036,33.70076734300005],[35.752944264000064,33.70119309000006],[35.74997611900005,33.703406940000036],[35.74813382200006,33.70417326000006],[35.74455157800003,33.70119309000006],[35.74281163100005,33.69872372900005],[35.740464356000075,33.695576533000065],[35.73526378100007,33.69312071000007],[35.731468766000035,33.694173214000045],[35.72879820000003,33.695108762000075],[35.727111527000034,33.693822381000075],[35.724159849000046,33.69066481800007],[35.72078650200007,33.68820885500003],[35.71685093200006,33.68633759800008],[35.712493692000066,33.68399847000006],[35.70940145800006,33.68224408200007],[35.70546588700006,33.680255733000024],[35.70462255100006,33.678033405000065],[35.70462255100006,33.675226173000055],[35.70532533100004,33.67089817600004],[35.70729311700006,33.66727184900003],[35.70883923400004,33.664581250000026],[35.71080701900007,33.66212454200007],[35.712634249000075,33.65978475500003],[35.70897979000006,33.657210916000054],[35.707574229000045,33.65814686600004],[35.70630922400005,33.66025271700005],[35.70560644400007,33.661773578000066],[35.703216990000044,33.66762279100004],[35.70153031700005,33.66902654300003],[35.70012475600004,33.66668694300006],[35.69885975100004,33.66387934000005],[35.696470297000076,33.66060368800004],[35.69290368600008,33.65362057400006],[35.69004864000004,33.647404761000075],[35.68741321400006,33.64374819100004],[35.67928731400008,33.63643458400003],[35.67511455500005,33.629486083000074],[35.67379684100007,33.61924516400006],[35.672039890000065,33.61412424800005],[35.66896522500008,33.60772267500005],[35.66676903600006,33.60333275100004],[35.664572847000045,33.59784503100008],[35.66303551500005,33.59363754200007],[35.660400088000074,33.59144224900007],[35.65842351800006,33.58686854300004],[35.65644694800005,33.571316128000035],[35.656227329000046,33.56637536300008],[35.65337228300007,33.55905519100003],[35.648101430000054,33.55246650600003],[35.646564097000066,33.54734162500006],[35.643058979000045,33.53755958100004],[35.63954507700004,33.534044804000075],[35.63757729200006,33.52994405000004],[35.63645284300003,33.525022888000024],[35.634906726000054,33.51740625300005],[35.634625613000026,33.51224999600004],[35.63560950600004,33.50873419000004],[35.63575006200006,33.506155842000055],[35.63448505700006,33.502522584000076],[35.63209560400003,33.49818591500008],[35.62663179700007,33.49361907100007],[35.62685567200003,33.49299673400003],[35.627655280000056,33.49059609200003],[35.627975124000045,33.48766188400003],[35.626215986000034,33.483660531000055],[35.624616770000046,33.480992859000025],[35.624936613000045,33.47632423600004],[35.62509653500007,33.472722555000075],[35.622537789000035,33.466185789000065],[35.62045880800002,33.46405122800007],[35.619179435000035,33.46044903600006],[35.61901951400006,33.456579850000026],[35.61901951400006,33.448574087000054],[35.61758021900005,33.44590533600007],[35.615181395000036,33.44363683200004],[35.615181395000036,33.44030069000007],[35.61502147300007,33.43669751200002]]]}},{"type":"Feature","properties":{"region_id":"south","name_ar":"الجنوب","name_en":"South","area_km2":2031.68,"source_districts":["Bent Jbail","Sour","Marjaayoun","Hasbaya","Nabatiye","Jezzine","Saida"],"label_lng":35.47479911322153,"label_lat":33.34579206485308,"page":"south.html"},"geometry":{"type":"Polygon","coordinates":[[[35.11185062800007,33.094346700000074],[35.123407463000035,33.094346700000074],[35.13277787000004,33.094608375000064],[35.13433960400005,33.09408502300005],[35.13933715400003,33.09329999100004],[35.146208786000045,33.09329999100004],[35.15370511100008,33.09356166900005],[35.15714092700006,33.091468220000024],[35.15839031500008,33.08858964600006],[35.16370021200004,33.08911303100007],[35.17213357800006,33.09068316400004],[35.176194087000056,33.09329999100004],[35.182128678000026,33.094608375000064],[35.18556449400006,33.09277663200004],[35.18931265600003,33.09042147700006],[35.19306081900004,33.08858964600006],[35.199620104000076,33.087804565000056],[35.20836581700007,33.08858964600006],[35.210864592000064,33.09042147700006],[35.21242632600007,33.09801008200003],[35.21898561100005,33.099580057000026],[35.22960540500003,33.09931839700005],[35.233041221000065,33.097486751000076],[35.238351118000026,33.094608375000064],[35.24491040200007,33.09382334700007],[35.25365611500007,33.095131723000065],[35.26084009400006,33.09696341700004],[35.26739937800005,33.09905673500003],[35.273021622000044,33.10010337600005],[35.280830294000054,33.101411659000064],[35.285203151000076,33.10350487100004],[35.29269947600005,33.106644595000034],[35.29613529200003,33.10716787200005],[35.30645542100007,33.10803645200008],[35.30717053200004,33.10983345500006],[35.30545475900004,33.105521827000075],[35.30674158900007,33.10156931600005],[35.31274679300003,33.10013199500003],[35.31703622500004,33.10300661300005],[35.31875199700005,33.10444388700006],[35.32389931600005,33.10372525300005],[35.32818874700007,33.09941332500006],[35.32990452000007,33.09438247600008],[35.327330861000064,33.088632580000024],[35.32518614500003,33.08467930900002],[35.329046634000065,33.08144468300003],[35.33419395200008,33.076053374000026],[35.34234387200007,33.07138063900004],[35.34920696300003,33.06347236900007],[35.35435428100004,33.05879896600004],[35.36636469000007,33.05592290200008],[35.382235587000025,33.056282415000055],[35.38909867800004,33.059877465000056],[35.39424599600005,33.06239391300005],[35.413119496000036,33.06239391300005],[35.43413771100006,33.064191332000064],[35.451295438000045,33.09222630900007],[35.460156451000046,33.09410137800006],[35.50847261000007,33.09246588600007],[35.506969441000024,33.104813103000026],[35.50603240000004,33.11004583700003],[35.50853117500003,33.11580148500008],[35.51378107800008,33.11824431300005],[35.51958825500003,33.116722354000046],[35.524785707000035,33.11789435400004],[35.52618502100006,33.12074057600006],[35.53298168900005,33.12660015500006],[35.535780318000036,33.13028311900007],[35.53657992600006,33.13329633800004],[35.53558041600007,33.13647684600005],[35.533581395000056,33.13815075100007],[35.531382473000065,33.14015939500007],[35.531382473000065,33.14183323000003],[35.53298168900005,33.14936509300003],[35.53398120000003,33.152377657000045],[35.53677904700004,33.16031325400007],[35.53775513100004,33.166441457000076],[35.53970729900004,33.174203232000025],[35.543123593000075,33.183598146000065],[35.54653988700005,33.19217523100008],[35.548980097000026,33.19993472700003],[35.549468139000055,33.20769353600008],[35.548492055000054,33.213818426000046],[35.54751597100005,33.22280082100008],[35.54605184500008,33.227291673000025],[35.54556380300005,33.232598747000054],[35.548492055000054,33.23668089200004],[35.55239639100006,33.23790549800003],[35.55532464300006,33.24321192700006],[35.55532464300006,33.24770173100006],[35.55190834900003,33.252599436000025],[35.55532464300006,33.257088758000066],[35.56020506300007,33.259945479000066],[35.564109399000074,33.26361826900006],[35.56898981900002,33.26892313700006],[35.57094198800007,33.27422768200006],[35.56996590400007,33.279531906000045],[35.56898981900002,33.28605973900005],[35.57094198800007,33.290547340000046],[35.57582240800008,33.290955293000025],[35.57972674400003,33.288915512000074],[35.58509520600006,33.28605973900005],[35.58899954200007,33.28197990000007],[35.58899954200007,33.27585978500008],[35.58948758400004,33.26933119000006],[35.59290387800007,33.264842497000075],[35.601200592000055,33.25668064700005],[35.608521222000036,33.252599436000025],[35.61584185300006,33.24892618300004],[35.62365052500007,33.24443644200005],[35.62813504500008,33.24521424500006],[35.634719318000066,33.24572624600006],[35.639404521000074,33.24572624600006],[35.645339112000045,33.24755479600003],[35.65127370300007,33.24964452000006],[35.65627125300006,33.25068936400004],[35.660956456000065,33.25095057300007],[35.66970216900006,33.25095057300007],[35.67563676000003,33.252779014000055],[35.68219604400008,33.25512981000003],[35.686568901000044,33.25904766200006],[35.694377573000054,33.26348768300005],[35.70062451100006,33.26818863600005],[35.70624675500005,33.276284127000054],[35.711868999000046,33.28281220300005],[35.72061471200004,33.28933979000004],[35.72592460900006,33.294822586000066],[35.73123450600008,33.301349275000064],[35.73435797500008,33.30735339800003],[35.738106137000045,33.31335710700006],[35.74122960600005,33.31492322400004],[35.74727664200003,33.316572836000034],[35.754073310000024,33.317241025000044],[35.76086997800007,33.32024781100006],[35.76406841000005,33.324924827000075],[35.765267823000045,33.327764322000064],[35.76806645100004,33.332607952000046],[35.77086507900003,33.33477914700006],[35.77466321700007,33.33611524000003],[35.77926096300007,33.337284304000036],[35.786257533000025,33.33862035900006],[35.788656357000036,33.340290399000025],[35.79345400600005,33.34279539800008],[35.79705224200006,33.345968294000045],[35.79825165400007,33.34797216800007],[35.795453026000075,33.34964202800006],[35.79185479000006,33.35131185600005],[35.78785674900007,33.35214675800006],[35.784058611000034,33.35281467400006],[35.78145988500006,33.35415049100004],[35.77866125700007,33.35698903300005],[35.776462335000076,33.35865872000005],[35.774063511000065,33.36133015300004],[35.76966566700003,33.36450237300005],[35.76966566700003,33.368008376000034],[35.77046527500005,33.37118035300006],[35.77286409900006,33.37468608700004],[35.77506302100005,33.37735702800006],[35.776262433000056,33.37936018000005],[35.77866125700007,33.381697132000056],[35.780260473000055,33.385703189000026],[35.78185968900004,33.39237954200007],[35.78485821900006,33.39705268300003],[35.78945596500006,33.40039048800003],[35.79165488800004,33.40189245800008],[35.79365390800007,33.40389504400002],[35.79325410400003,33.40790007900006],[35.79085528000007,33.41023626400005],[35.781659787000024,33.410569999000074],[35.77926096300007,33.412739249000026],[35.77906106100005,33.41624330700006],[35.776262433000056,33.42241678100004],[35.771664687000055,33.430091298000036],[35.769065961000024,33.433761479000054],[35.76586752900005,33.43743150500006],[35.76206939000008,33.440100517000076],[35.75807135000008,33.44543829600008],[35.75767154600004,33.45010858200004],[35.75927076200003,33.45327756200004],[35.761469684000076,33.45527896300007],[35.763068900000064,33.45828097900005],[35.76226929200004,33.46278380700005],[35.761069880000036,33.465785562000065],[35.761069880000036,33.468286946000035],[35.760470174000034,33.47162201200007],[35.75847115400006,33.474123227000064],[35.75547262400005,33.476957850000076],[35.75207429000005,33.48012584800006],[35.74847605400004,33.48246008900003],[35.74547752400008,33.48229335900004],[35.74107968000004,33.47945891100005],[35.73828105100006,33.47712458900003],[35.733083599000054,33.474123227000064],[35.72788614700005,33.47262250600005],[35.722888597000065,33.47045475300007],[35.71769114500006,33.46795343200006],[35.711694084000044,33.46511851500003],[35.70329820000006,33.46295057400005],[35.69989986600007,33.46361763800007],[35.698900356000024,33.467286401000024],[35.69630163000005,33.46928747900006],[35.69330310000004,33.46845370200003],[35.68970486400008,33.46561880100006],[35.68830555000005,33.46245027200007],[35.68810564800003,33.45594608700003],[35.68710613700006,33.451776481000024],[35.682708293000076,33.44860744600004],[35.67871025300008,33.445605096000065],[35.67431240900004,33.44293625300003],[35.67211348700005,33.44060094800005],[35.671313879000024,33.43709787300003],[35.669714663000036,33.43226006000003],[35.667715643000065,33.428756648000046],[35.66471711300005,33.42692147100007],[35.65971956200008,33.425920449000046],[35.65792044400007,33.42742197700005],[35.65572152200008,33.43175958100005],[35.65452211000007,33.43509605200006],[35.652722992000065,33.43826558000006],[35.64892485400003,33.436597422000034],[35.64472691200007,33.43242688500004],[35.64072887200007,33.43025812700006],[35.637530440000035,33.42975763700008],[35.63592926800004,33.42846919100003],[35.63357238000003,33.43469568200004],[35.633732301000066,33.437231326000074],[35.63453190900003,33.43949999700004],[35.63821010600003,33.44350338900006],[35.63900971400005,33.44630565400007],[35.63693073400003,33.44950813100007],[35.635331517000054,33.45137618800004],[35.63213308500008,33.45217677200003],[35.62813504500008,33.45097589400007],[35.625256456000045,33.445104694000065],[35.62477669100008,33.441902054000025],[35.62349731900008,33.438432394000074],[35.62077865100008,33.434829139000044],[35.61758021900005,33.43349456200008],[35.61502147300007,33.43669751200002],[35.615181395000036,33.44030069000007],[35.615181395000036,33.44363683200004],[35.61758021900005,33.44590533600007],[35.61901951400006,33.448574087000054],[35.61901951400006,33.456579850000026],[35.619179435000035,33.46044903600006],[35.62045880800002,33.46405122800007],[35.622537789000035,33.466185789000065],[35.62509653500007,33.472722555000075],[35.624936613000045,33.47632423600004],[35.624616770000046,33.480992859000025],[35.626215986000034,33.483660531000055],[35.627975124000045,33.48766188400003],[35.627655280000056,33.49059609200003],[35.62685567200003,33.49299673400003],[35.62663179700007,33.49361907100007],[35.625896143000034,33.49566403600005],[35.62269771100006,33.496464211000045],[35.62141833800007,33.50246528400004],[35.62141833800007,33.50579903400006],[35.619819122000024,33.50739918800008],[35.616140925000025,33.508465941000054],[35.61694053300005,33.51019938700006],[35.618539749000035,33.512466148000044],[35.618539749000035,33.517132823000054],[35.61878962600008,33.52067432700005],[35.62003901400004,33.52567385200007],[35.618539749000035,33.52713199200008],[35.61779011600004,33.537546564000024],[35.614791586000024,33.54441949400007],[35.60979403600004,33.547959881000054],[35.604296731000034,33.55108363100004],[35.60104832300004,33.55274958500007],[35.600798446000056,33.56003775700003],[35.60104832300004,33.56336928700006],[35.603547098000035,33.567741726000065],[35.60654562800005,33.573571300000026],[35.60629575100006,33.57940048100005],[35.60504636300004,33.58460477400007],[35.603547098000035,33.58980875300006],[35.596300650000046,33.59397171000006],[35.593052243000045,33.592722844000036],[35.58830457000005,33.590433209000025],[35.58280726500004,33.58939244600003],[35.579308980000064,33.59126581000004],[35.57631045000005,33.59334727900006],[35.574061552000046,33.59646938800006],[35.567564737000055,33.59896699300003],[35.56456620700004,33.59813446600003],[35.55731975900005,33.593555423000055],[35.551822454000046,33.592722844000036],[35.54582539300003,33.58585375700005],[35.540078211000036,33.58418844200003],[35.533581395000056,33.58335577200006],[35.527084580000064,33.58335577200006],[35.518588745000045,33.582731264000074],[35.515340337000055,33.58044136500007],[35.510092910000026,33.57773504100004],[35.50234670700007,33.576485940000055],[35.49335111600004,33.575653196000076],[35.48708418800004,33.574312461000034],[35.48116708900005,33.57311327700006],[35.48036748100003,33.57018186700003],[35.47540991100004,33.569515624000076],[35.470132498000055,33.56884937600006],[35.46389555600007,33.56884937600006],[35.458298299000035,33.57004861900003],[35.45446018100006,33.57258030100007],[35.45174151300006,33.57524514800008],[35.44678394400006,33.57671077900005],[35.44278590400006,33.574845426000024],[35.441228187000036,33.57247645600006],[35.43512965700006,33.57773504100004],[35.43013210600003,33.580649540000024],[35.42363529100004,33.58210675200007],[35.41788810800006,33.58210675200007],[35.41289055800007,33.58377210800006],[35.406143866000036,33.586270081000066],[35.399647050000056,33.588767982000036],[35.39464950000007,33.590849511000044],[35.39275593800005,33.59096217900003],[35.391151215000036,33.591057661000036],[35.38890231700003,33.58772719900003],[35.388652440000044,33.58335577200006],[35.38715317500004,33.58023318900007],[35.38440452200007,33.57731867600006],[35.382655380000074,33.57482044400007],[35.380656360000046,33.57190574800006],[35.37840746200004,33.570031963000076],[35.37166076900007,33.56919915700007],[35.37116101400005,33.56753352000004],[35.37116101400005,33.56503500400004],[35.37241040200007,33.562328198000046],[35.37266027900006,33.56024598100004],[35.370911137000064,33.55774725500004],[35.36866223900006,33.55504022000002],[35.367662729000074,33.55150012300004],[35.36741285200003,33.548376387000076],[35.366413341000055,33.54379470500004],[35.36591358600003,33.54025414700004],[35.365663709000046,33.535255466000024],[35.363664689000075,33.530881382000075],[35.36341481100004,33.52484061800004],[35.36141579100007,33.52067432700005],[35.35866713900003,33.517549478000035],[35.353919466000036,33.51192446500005],[35.34842216100003,33.50734085000005],[35.34567350800006,33.50504895100005],[35.34242510100006,33.50234026600003],[35.33917669300007,33.49942312500008],[35.33517865300007,33.49588075100007],[35.329181593000044,33.49004593600006],[35.32718257200003,33.48691998100003],[35.32368428700005,33.48254345300006],[35.32168526700008,33.479834064000045],[35.320685757000035,33.476916165000034],[35.31943637000006,33.47420659900007],[35.31368918700008,33.472539132000065],[35.310690657000066,33.47149694900003],[35.308191882000074,33.46920410200005],[35.30369408700005,33.46670274500008],[35.29669751600005,33.46503513300007],[35.29419874100006,33.46461822500004],[35.279580907000025,33.44722356300008],[35.271709765000026,33.43042495700007],[35.26996062300003,33.41540902100007],[35.268961113000046,33.41019454700006],[35.265712705000055,33.40685711900005],[35.26221442000008,33.400807704000044],[35.25946576700005,33.39517511200006],[35.259215890000064,33.38954215500007],[35.25896601200003,33.386829860000034],[35.25496797200003,33.382030977000056],[35.254718095000044,33.377023165000026],[35.25371858500006,33.37264109300003],[35.25271907500007,33.36721536400006],[35.25246919700004,33.36053708000003],[35.25246919700004,33.353649562000044],[35.251799525000024,33.34742110700006],[35.25431829100006,33.34613528500006],[35.250720054000055,33.34797216800007],[35.24972054400007,33.34646926600004],[35.24972054400007,33.34229440400003],[35.25032025000007,33.33878736500003],[35.25032025000007,33.33594822900005],[35.24872103400003,33.332607952000046],[35.24572250400007,33.32859945000007],[35.24392338600006,33.32759729500003],[35.24032515000005,33.32559295200008],[35.23912573800004,33.32258635000005],[35.23892583600008,33.31957964500003],[35.233728384000074,33.314735291000034],[35.23072985400006,33.312062429000036],[35.22753142200003,33.30855417300006],[35.227131618000044,33.30521284500003],[35.224732793000044,33.29869688800005],[35.22273377300007,33.29568935900005],[35.22253387100005,33.29167915900007],[35.22133445900005,33.28716746300006],[35.21953534100004,33.28382531600005],[35.216736713000046,33.27981457100003],[35.214737693000075,33.277642007000054],[35.21273867300005,33.27597076700005],[35.20874063300005,33.27563651600008],[35.20527033400003,33.27490784200006],[35.20296746300005,33.27522872700007],[35.20168809000006,33.27704704900003],[35.19733822200004,33.27736792600007],[35.19669853600004,33.27694009000004],[35.19631472400005,33.273410366000064],[35.19657059900004,33.27095017100004],[35.199001407000026,33.27009443400004],[35.201943965000055,33.26998746600003],[35.206037958000024,33.269773531000055],[35.20795701700007,33.26870384500006],[35.20962020200005,33.26709929100008],[35.211027512000044,33.264959840000074],[35.213074508000034,33.26271336000008],[35.214737693000075,33.260145883000064],[35.21588912900006,33.25854117200004],[35.21627294000007,33.25319192200004],[35.216536811000026,33.23267451300006],[35.21633690900006,33.22732368000004],[35.21333837900005,33.21829340700003],[35.21313847700003,33.214948625000034],[35.21173916300006,33.21076746700004],[35.21013994700007,33.20591707500006],[35.20934033900005,33.202906351000024],[35.205742103000034,33.20039733500005],[35.20314337700006,33.19889189100007],[35.201744063000035,33.19604820400008],[35.20094445500007,33.192535287000055],[35.19874553200003,33.18283221200005],[35.19634670800008,33.17998800400005],[35.19434768800005,33.17697638900006],[35.191149256000074,33.172793418000026],[35.189350138000066,33.169948884000064],[35.187151216000075,33.167606257000045],[35.182953274000056,33.165598241000055],[35.17755592000003,33.16526356800006],[35.17455738900003,33.16409219900004],[35.17055934900003,33.16041065500008],[35.167760721000036,33.15723101400005],[35.16338786500006,33.149804431000064],[35.162450824000075,33.14588168700004],[35.16088909000007,33.140389550000066],[35.15839031500008,33.13594328200003],[35.15495449900004,33.132281481000064],[35.14652113300008,33.128357953000034],[35.14121123600006,33.12548058700003],[35.13590133900004,33.12312630900004],[35.12871736000005,33.11867916700004],[35.12184572900003,33.11580148500008],[35.11591113800006,33.110830720000024],[35.113412363000066,33.10585967500003],[35.11216297500005,33.10219661900004],[35.11216297500005,33.09853341000007],[35.11185062800007,33.094346700000074]]]}}]}